packet_count,total_bytes,avg_bytes,iat_mean,anomaly_score
17,2582,151.88235294117646,0.0632045716047287,-0.16237555981716761
17,2582,151.88235294117646,0.0636273771524429,-0.1643890974535237
19,2778,146.21052631578948,0.1677650478151109,0.02580136608578909
32,4968,155.25,0.0983188998314642,-0.019310824092500845
17,2582,151.88235294117646,0.0648378133773803,-0.1379398648499845
17,2582,151.88235294117646,0.0633098632097244,-0.1662263786053425
36,5360,148.88888888888889,0.1156512056078229,0.134841129117092
32,4968,155.25,0.0983374503351027,-0.01739775711915842
17,2582,151.88235294117646,0.0634939968585968,-0.16314848221010486
17,2582,151.88235294117646,0.0662788152694702,-0.09500725002438881
19,2778,146.21052631578948,0.2242772711647881,0.04922109929343155
15,2386,159.06666666666666,0.0006022793906075,0.0008421669528455578
17,2582,151.88235294117646,0.0631596744060516,-0.1550622546394475
17,2582,151.88235294117646,0.0638339966535568,-0.16612073496514446
34,5164,151.88235294117646,0.0920542153445157,-0.0816452622079118
17,2582,151.88235294117646,0.063883438706398,-0.16479033986176683
17,2582,151.88235294117646,0.0636805593967437,-0.16571150214688563
17,2582,151.88235294117646,0.0638990700244903,-0.16457690918779766
17,2582,151.88235294117646,0.062916874885559,-0.10243271758073214
34,5164,151.88235294117646,0.0922576730901544,-0.07772091530391156
2,196,98.0,2.002716064453125e-05,0.13077050324576422
17,2582,151.88235294117646,0.2510786205530166,0.06807616023931395
17,2582,151.88235294117646,0.2503468692302704,0.07810271467904117
15,2386,159.06666666666666,0.0006036417824881,0.002682470300163331
17,2582,151.88235294117646,0.0636556893587112,-0.16566238343312584
17,2582,151.88235294117646,0.0680723190307617,-0.06106866573334452
17,2582,151.88235294117646,0.0679445564746856,-0.060145769544286354
17,2582,151.88235294117646,0.0651696920394897,-0.11849760815950233
17,2582,151.88235294117646,0.0646892488002777,-0.1491605847340991
17,2582,151.88235294117646,0.0661002546548843,-0.09873152750095249
19,2778,146.21052631578948,0.1125015550189548,0.011087636292071767
15,2386,159.06666666666666,0.0005821500505719,0.06736016933465216
34,5164,151.88235294117646,0.0943421233784068,-0.0027334704877390315
17,2582,151.88235294117646,0.0649138689041137,-0.13181975286078063
34,5164,151.88235294117646,0.123330426938606,-0.06014887279615139
17,2582,151.88235294117646,0.0630394369363784,-0.13139631875393115
17,2582,151.88235294117646,0.0633616894483566,-0.16584522948221925
17,2582,151.88235294117646,0.0635491907596588,-0.16541234396674076
17,2582,151.88235294117646,0.0635915696620941,-0.16535838467051944
17,2582,151.88235294117646,0.0639516860246658,-0.16308298651779995
17,2582,151.88235294117646,0.0633353739976883,-0.1653812330519578
17,2582,151.88235294117646,0.0643206238746643,-0.1621724493794981
34,5164,151.88235294117646,0.0922873020172119,-0.07488611924614491
17,2582,151.88235294117646,0.0650048851966857,-0.12620304247993724
17,2582,151.88235294117646,0.0647009313106536,-0.1475652624985574
34,5164,151.88235294117646,0.1234899361928304,-0.04306260413130103
2,196,98.0,2.288818359375e-05,0.13252776070070726
32,4968,155.25,0.1303383227317563,-0.018806948460996287
19,2778,146.21052631578948,0.1133930020862155,0.02773536433505941
17,2582,151.88235294117646,0.2506380677223205,0.05123067893055899
15,2386,159.06666666666666,0.0029004301343645,0.18200249761609022
17,2582,151.88235294117646,0.0632757395505905,-0.16572185237511966
17,2582,151.88235294117646,0.0635633766651153,-0.16549216980973963
17,2582,151.88235294117646,0.0633078813552856,-0.16530725749716962
19,2778,146.21052631578948,0.1121846172544691,0.042137551276083984
32,4968,155.25,0.0651110295326479,0.055776450371915476
17,2582,151.88235294117646,0.0639131963253021,-0.16457690918779766
17,2582,151.88235294117646,0.0635008215904235,-0.1645481356186364
17,2582,151.88235294117646,0.0642407536506652,-0.1623319971979798
24,3188,132.83333333333334,0.1762642238451087,0.2294193088282277
27,4558,168.8148148148148,0.0785739605243389,0.21833082450108687
17,2582,151.88235294117646,0.0641296803951263,-0.1613490670862494
17,2582,151.88235294117646,0.0633272379636764,-0.16531835290101293
17,2582,151.88235294117646,0.0643191784620285,-0.1621724493794981
17,2582,151.88235294117646,0.0632786899805069,-0.16572185237511966
19,2778,146.21052631578948,0.2238501045438978,0.02823015709353538
32,4968,155.25,0.1302890316132576,-0.02643264938275769
2,196,98.0,2.193450927734375e-05,0.16234382425942584
32,4968,155.25,0.1302986452656407,-0.026229314219735733
34,5164,151.88235294117646,0.0917747526457815,-0.07043167188293414
17,2582,151.88235294117646,0.0633673071861267,-0.16584522948221925
17,2582,151.88235294117646,0.0642999410629272,-0.16153575579435026
17,2582,151.88235294117646,0.0641911923885345,-0.16195465180806062
17,2582,151.88235294117646,0.06381556391716,-0.1669908287084259
34,5164,151.88235294117646,0.0919835495226311,-0.07976389302773285
17,2582,151.88235294117646,0.0648146867752075,-0.13905944228538952
17,2582,151.88235294117646,0.0633965581655502,-0.16371818844335562
17,2582,151.88235294117646,0.0638582557439804,-0.16612073496514446
19,2778,146.21052631578948,0.1684965027703179,-0.019495445223794206
32,4968,155.25,0.0652494815088087,0.04168917590987786
17,2582,151.88235294117646,0.0642954409122467,-0.16153575579435026
17,2582,151.88235294117646,0.0632171928882598,-0.16338227701115365
34,5164,151.88235294117646,0.0919847560651374,-0.07976389302773285
17,2582,151.88235294117646,0.0664508044719696,-0.08880575151258363
34,5164,151.88235294117646,0.0924549102783203,-0.06546991924500839
17,2582,151.88235294117646,0.0640206187963485,-0.1625788153514397
2,196,98.0,2.002716064453125e-05,0.13077050324576422
15,2386,159.06666666666666,0.0006010702678135,0.011717833672024836
34,5164,151.88235294117646,0.1238139687162457,-0.030094552908647154
17,2582,151.88235294117646,0.0662384927272796,-0.096024109974303
17,2582,151.88235294117646,0.0661814361810684,-0.09669445378369407
34,5164,151.88235294117646,0.1228313012556596,-0.07271966761971316
17,2582,151.88235294117646,0.0645669400691986,-0.15452919253240976
34,5164,151.88235294117646,0.1231677604444099,-0.06034144386385154
19,2778,146.21052631578948,0.2217407756381564,0.07170435306396561
15,2386,159.06666666666666,0.0005899156842912,0.03789152945603391
34,5164,151.88235294117646,0.122422846880826,-0.052293899218508966
34,5164,151.88235294117646,0.0915888800765528,-0.06373533818293037
17,2582,151.88235294117646,0.063262939453125,-0.1654360403415155
17,2582,151.88235294117646,0.0637902617454528,-0.1669908287084259
19,2778,146.21052631578948,0.1688794957266913,0.02058761082140903
32,4968,155.25,0.0980733210040677,-0.0003421216281718209
19,2778,146.21052631578948,0.1684758928087022,-0.02379957664957516
32,4968,155.25,0.1302836402770011,-0.019942978086008478
2,196,98.0,2.312660217285156e-05,0.1395259256987179
32,4968,155.25,0.0983281673923615,-0.021421794211911094
17,2582,151.88235294117646,0.06474369764328,-0.141660714058994
17,2582,151.88235294117646,0.0632788836956024,-0.16572185237511966
17,2582,151.88235294117646,0.0632547587156295,-0.1654360403415155
34,5164,151.88235294117646,0.0925564260193795,-0.055790332068241355
34,5164,151.88235294117646,0.0921040954011859,-0.08078683968474654
17,2582,151.88235294117646,0.0632767379283905,-0.16572185237511966
34,5164,151.88235294117646,0.1230190305998831,-0.06470458188822215
17,2582,151.88235294117646,0.0689833164215087,-0.029003776286507132
17,2582,151.88235294117646,0.0646594911813736,-0.1528727513121887
19,2778,146.21052631578948,0.1132519510057237,0.018556195829375954
32,4968,155.25,0.1347935122828329,0.07258941371827399
17,2582,151.88235294117646,0.0637924969196319,-0.1669908287084259
17,2582,151.88235294117646,0.0631677508354187,-0.1550622546394475
17,2582,151.88235294117646,0.0684773176908493,-0.04758173390625875
17,2582,151.88235294117646,0.0631750524044036,-0.15676483037313593
17,2582,151.88235294117646,0.0642025023698806,-0.16195465180806062
17,2582,151.88235294117646,0.0643250048160553,-0.1621724493794981
17,2582,151.88235294117646,0.0664920061826706,-0.08798854718029042
17,2582,151.88235294117646,0.0634798109531402,-0.16275789119674366
17,2582,151.88235294117646,0.0639634430408477,-0.1629034330572039
17,2582,151.88235294117646,0.0644669979810714,-0.1558815007745854
17,2582,151.88235294117646,0.0632469356060028,-0.16377232891854426
17,2582,151.88235294117646,0.0632445663213729,-0.16377232891854426
17,2582,151.88235294117646,0.0633108764886856,-0.1662263786053425
17,2582,151.88235294117646,0.0648303776979446,-0.1386073038199065
34,5164,151.88235294117646,0.0918002706585508,-0.0703663167214375
19,2778,146.21052631578948,0.2230879333284166,0.023825665036129484
34,5164,151.88235294117646,0.1228067874908447,-0.07449245472726967
34,5164,151.88235294117646,0.1220160253120191,-0.03281142599546144
34,5164,151.88235294117646,0.1221061547597249,-0.04141940076323403
32,4968,155.25,0.1303252250917496,-0.023270044981021976
34,5164,151.88235294117646,0.1238207239093202,-0.028617609188483828
17,2582,151.88235294117646,0.064219132065773,-0.16283772274472508
36,5360,148.88888888888889,0.1152573381151471,0.134841129117092
49,7550,154.08163265306123,0.0846315622329711,0.27755329344237445
2,196,98.0,1.9073486328125e-05,0.2057953621538139
34,5164,151.88235294117646,0.1227708513086492,-0.07430838230778108
17,2582,151.88235294117646,0.2507778704166412,0.04840749772481223
15,2386,159.06666666666666,0.0006138597215924,0.04266807702099085
34,5164,151.88235294117646,0.0911659688660592,-0.03149959327020457
17,2582,151.88235294117646,0.0633111894130706,-0.1662263786053425
19,2778,146.21052631578948,0.1127772861056857,0.006380433302124899
32,4968,155.25,0.1312967731106666,0.01927672148316839
17,2582,151.88235294117646,0.0631176829338073,-0.1472349649061916
17,2582,151.88235294117646,0.0632368624210357,-0.16390712396375767
19,2778,146.21052631578948,0.2232107188966539,0.019536929636265188
17,2582,151.88235294117646,0.255109503865242,0.1388699733866422
32,4968,155.25,0.1012110325597947,0.028553747235436244
17,2582,151.88235294117646,0.0633725672960281,-0.16584522948221925
2,196,98.0,2.694129943847656e-05,0.24735567059599972
34,5164,151.88235294117646,0.122717640616677,-0.07198262701145858
34,5164,151.88235294117646,0.1227296988169352,-0.07339284283306263
32,4968,155.25,0.0654594206040905,0.06027909839736545
17,2582,151.88235294117646,0.0632818192243576,-0.1661207617811214
17,2582,151.88235294117646,0.0633260011672973,-0.16531835290101293
17,2582,151.88235294117646,0.068853810429573,-0.046293853077371605
17,2582,151.88235294117646,0.0647025108337402,-0.1475652624985574
19,2778,146.21052631578948,0.1683046685324775,-0.007452273684163957
15,2386,159.06666666666666,0.0006063665662493,0.020998457932443038
17,2582,151.88235294117646,0.0633706897497177,-0.16584522948221925
34,5164,151.88235294117646,0.092216513373635,-0.07606495164152055
19,2778,146.21052631578948,0.1126722229851616,0.0014982531188310055
15,2386,159.06666666666666,0.0005870035716465,0.035206808478503326
17,2582,151.88235294117646,0.0643540620803833,-0.15901028319716531
19,2778,146.21052631578948,0.1684777736663818,-0.024148759058269964
15,2386,159.06666666666666,0.0006153583526611,0.047999138743544334
