step,packet_count,total_bytes,avg_bytes,iat_mean,unique_dst_ip,unique_dst_port,anomaly_score,base_threshold,ext_threshold,level,high_risk
0,9,694,77.11111111111111,0.00012502074241638184,3,3,0.07854466538807015,0.15791472906722498,0.24338640377363985,NORMAL,False
1,9,694,77.11111111111111,0.00012502074241638184,3,3,0.07854466538807015,0.15791472906722498,0.24338640377363985,NORMAL,False
2,11,826,75.0909090909091,0.20450000762939452,3,3,-0.014773195817605722,0.15791472906722498,0.24338640377363985,NORMAL,False
3,19,1443,75.94736842105263,0.21333332856496176,3,4,0.07084504586392681,0.15791472906722498,0.24338640377363985,NORMAL,False
4,19,1443,75.94736842105263,0.21333332856496176,3,4,0.07084504586392681,0.15791472906722498,0.24338640377363985,NORMAL,False
5,14,1024,73.14285714285714,0.29561537962693435,3,4,0.0722678724541358,0.15791472906722498,0.24338640377363985,NORMAL,False
6,14,1024,73.14285714285714,0.29561537962693435,3,4,0.0722678724541358,0.15791472906722498,0.24338640377363985,NORMAL,False
7,22,1652,75.0909090909091,0.19519048645382836,3,4,0.062388286145542926,0.15791472906722498,0.24338640377363985,NORMAL,False
8,14,1035,73.92857142857143,0.15769232236422026,3,4,0.1286033336925868,0.15791472906722498,0.24338640377363985,NORMAL,False
9,15,1101,73.4,0.29242857864924837,3,4,0.047813280199475616,0.15791472906722498,0.24338640377363985,NORMAL,False
10,11,826,75.0909090909091,0.20449998378753662,3,3,-0.014773195817605722,0.15791472906722498,0.24338640377363985,NORMAL,False
11,21,1586,75.52380952380952,0.20469999313354492,3,4,-0.0038870530231956413,0.15791472906722498,0.24338640377363985,NORMAL,False
12,11,826,75.0909090909091,0.20490000247955323,3,4,-0.0691000502502645,0.15791472906722498,0.24338640377363985,NORMAL,False
13,13,958,73.6923076923077,0.3412500023841858,3,4,0.15210208554046667,0.15791472906722498,0.24338640377363985,NORMAL,False
14,12,892,74.33333333333333,0.18609090284867721,3,4,-0.1460426521388577,0.15791472906722498,0.24338640377363985,NORMAL,False
15,23,1718,74.69565217391305,0.18618181618777188,3,5,0.06140240505944983,0.15791472906722498,0.24338640377363985,NORMAL,False
16,13,958,73.6923076923077,0.17075000206629434,3,4,0.12866268383644308,0.15791472906722498,0.24338640377363985,NORMAL,False
17,14,1024,73.14285714285714,0.31507691970238316,3,4,0.08469578514515574,0.15791472906722498,0.24338640377363985,NORMAL,False
18,12,892,74.33333333333333,0.18609090284867721,3,4,-0.1460426521388577,0.15791472906722498,0.24338640377363985,NORMAL,False
19,22,1652,75.0909090909091,0.19504761695861816,3,5,0.062388286145542926,0.15791472906722498,0.24338640377363985,NORMAL,False
20,11,826,75.0909090909091,0.20490000247955323,3,4,-0.0691000502502645,0.15791472906722498,0.24338640377363985,NORMAL,False
21,13,958,73.6923076923077,0.3414166768391927,3,4,0.15210208554046667,0.15791472906722498,0.24338640377363985,NORMAL,False
22,12,892,74.33333333333333,0.18627272952686658,3,4,-0.14423823215692194,0.15791472906722498,0.24338640377363985,NORMAL,False
23,23,1718,74.69565217391305,0.18622726743871515,3,5,0.06140240505944983,0.15791472906722498,0.24338640377363985,NORMAL,False
24,13,958,73.6923076923077,0.17066665490468344,3,4,0.12866268383644308,0.15791472906722498,0.24338640377363985,NORMAL,False
25,14,1024,73.14285714285714,0.3150000022007869,3,4,0.08469578514515574,0.15791472906722498,0.24338640377363985,NORMAL,False
26,12,892,74.33333333333333,0.18618182702498,3,4,-0.14423823215692194,0.15791472906722498,0.24338640377363985,NORMAL,False
27,23,1718,74.69565217391305,0.18636364286596124,3,5,0.06140240505944983,0.15791472906722498,0.24338640377363985,NORMAL,False
28,12,892,74.33333333333333,0.18654545870694247,3,4,-0.14477974743558036,0.15791472906722498,0.24338640377363985,NORMAL,False
29,13,958,73.6923076923077,0.3415833115577698,3,4,0.15210208554046667,0.15791472906722498,0.24338640377363985,NORMAL,False
30,12,892,74.33333333333333,0.18618182702498,3,4,-0.14423823215692194,0.15791472906722498,0.24338640377363985,NORMAL,False
31,23,1718,74.69565217391305,0.18609092452309348,3,5,0.06081930797755586,0.15791472906722498,0.24338640377363985,NORMAL,False
32,12,892,74.33333333333333,0.18600002202120694,3,4,-0.1450649300213358,0.15791472906722498,0.24338640377363985,NORMAL,False
33,15,1090,72.66666666666667,0.29235715525490896,3,4,0.020700838773704655,0.15791472906722498,0.24338640377363985,NORMAL,False
34,14,1024,73.14285714285714,0.15761540486262396,3,4,0.12196124318765711,0.15791472906722498,0.24338640377363985,NORMAL,False
35,23,1718,74.69565217391305,0.1862727403640747,3,5,0.06140240505944983,0.15791472906722498,0.24338640377363985,NORMAL,False
36,12,892,74.33333333333333,0.18627272952686658,3,4,-0.14423823215692194,0.15791472906722498,0.24338640377363985,NORMAL,False
37,12,892,74.33333333333333,0.18627272952686658,3,4,-0.14423823215692194,0.15791472906722498,0.24338640377363985,NORMAL,False
38,12,892,74.33333333333333,0.20954543893987482,3,3,-0.06598218717968668,0.15791472906722498,0.24338640377363985,NORMAL,False
39,12,892,74.33333333333333,0.20954543893987482,3,3,-0.06598218717968668,0.15791472906722498,0.24338640377363985,NORMAL,False
40,11,826,75.0909090909091,0.20490000247955323,3,4,-0.0691000502502645,0.15791472906722498,0.24338640377363985,NORMAL,False
41,13,958,73.6923076923077,0.32000001271565753,3,4,0.12983635778270275,0.15791472906722498,0.24338640377363985,NORMAL,False
42,13,958,73.6923076923077,0.32000001271565753,3,4,0.12983635778270275,0.15791472906722498,0.24338640377363985,NORMAL,False
43,21,1586,75.52380952380952,0.19194999933242798,3,4,0.06810330862169811,0.15791472906722498,0.24338640377363985,NORMAL,False
44,21,1586,75.52380952380952,0.19194999933242798,3,4,0.06810330862169811,0.15791472906722498,0.24338640377363985,NORMAL,False
45,14,1024,73.14285714285714,0.3151538372039795,3,4,0.08469578514515574,0.15791472906722498,0.24338640377363985,NORMAL,False
46,12,892,74.33333333333333,0.1863636320287531,3,4,-0.14301918142257497,0.15791472906722498,0.24338640377363985,NORMAL,False
47,12,892,74.33333333333333,0.1863636320287531,3,4,-0.14301918142257497,0.15791472906722498,0.24338640377363985,NORMAL,False
48,10,749,74.9,0.25599998897976345,3,4,0.020931335759945324,0.15791472906722498,0.24338640377363985,NORMAL,False
49,13,958,73.6923076923077,0.3412500023841858,3,4,0.15210208554046667,0.15791472906722498,0.24338640377363985,NORMAL,False
50,12,892,74.33333333333333,0.16281819343566895,3,4,-0.12545158464615708,0.15791472906722498,0.24338640377363985,NORMAL,False
51,23,1718,74.69565217391305,0.17445454814217307,3,5,0.06664942834887833,0.15791472906722498,0.24338640377363985,NORMAL,False
52,14,1035,73.92857142857143,0.15746153317964995,3,4,0.1286033336925868,0.15791472906722498,0.24338640377363985,NORMAL,False
53,16,1167,72.9375,0.27300000190734863,3,4,0.10501377954498714,0.15791472906722498,0.24338640377363985,NORMAL,False
54,13,958,73.6923076923077,0.17075002193450928,3,4,0.12866268383644308,0.15791472906722498,0.24338640377363985,NORMAL,False
55,23,1718,74.69565217391305,0.18622728911313144,3,5,0.06140240505944983,0.15791472906722498,0.24338640377363985,NORMAL,False
56,12,892,74.33333333333333,0.18618182702498,3,4,-0.14423823215692194,0.15791472906722498,0.24338640377363985,NORMAL,False
57,13,958,73.6923076923077,0.3413333296775818,3,4,0.15210208554046667,0.15791472906722498,0.24338640377363985,NORMAL,False
58,11,826,75.0909090909091,0.20490000247955323,3,3,-0.013662990473806202,0.15791472906722498,0.24338640377363985,NORMAL,False
59,19,1443,75.94736842105263,0.2276666694217258,3,4,0.08917179575214507,0.15791472906722498,0.24338640377363985,NORMAL,False
60,9,683,75.88888888888889,0.25612500309944153,3,4,0.07695665583574995,0.15791472906722498,0.24338640377363985,NORMAL,False
61,9,683,75.88888888888889,0.25612500309944153,3,4,0.07695665583574995,0.15791472906722498,0.24338640377363985,NORMAL,False
62,12,892,74.33333333333333,0.20936363393610175,3,4,-0.11961198382954163,0.15791472906722498,0.24338640377363985,NORMAL,False
63,23,1718,74.69565217391305,0.18618181618777188,3,5,0.06140240505944983,0.15791472906722498,0.24338640377363985,NORMAL,False
64,15,1101,73.4,0.12807142734527588,3,4,0.1194549852984762,0.15791472906722498,0.24338640377363985,NORMAL,False
65,17,1233,72.52941176470588,0.25606249272823334,3,4,0.11055537943742677,0.15791472906722498,0.24338640377363985,NORMAL,False
66,13,958,73.6923076923077,0.1920833190282186,3,4,0.12680027299644747,0.15791472906722498,0.24338640377363985,NORMAL,False
67,23,1718,74.69565217391305,0.19786363298242743,3,5,0.059811950482833276,0.15791472906722498,0.24338640377363985,NORMAL,False
68,12,892,74.33333333333333,0.18618182702498,3,4,-0.14423823215692194,0.15791472906722498,0.24338640377363985,NORMAL,False
69,13,958,73.6923076923077,0.3412500023841858,3,4,0.15210208554046667,0.15791472906722498,0.24338640377363985,NORMAL,False
70,11,826,75.0909090909091,0.20479998588562012,3,3,-0.013307415406503154,0.15791472906722498,0.24338640377363985,NORMAL,False
71,20,1509,75.45,0.21563157282377543,3,4,0.0847038664456089,0.15791472906722498,0.24338640377363985,NORMAL,False
72,10,749,74.9,0.2276666694217258,3,4,-0.028865306051181094,0.15791472906722498,0.24338640377363985,NORMAL,False
73,13,958,73.6923076923077,0.3413333495457967,3,4,0.15210208554046667,0.15791472906722498,0.24338640377363985,NORMAL,False
74,12,892,74.33333333333333,0.18618182702498,3,4,-0.14423823215692194,0.15791472906722498,0.24338640377363985,NORMAL,False
75,23,1718,74.69565217391305,0.17463637482036243,3,5,0.06664942834887833,0.15791472906722498,0.24338640377363985,NORMAL,False
76,14,1035,73.92857142857143,0.1380000114440918,3,4,0.1332143850499128,0.15791472906722498,0.24338640377363985,NORMAL,False
77,15,1101,73.4,0.27435713154929026,3,4,0.0936672364253881,0.15791472906722498,0.24338640377363985,NORMAL,False
78,12,892,74.33333333333333,0.18618182702498,3,4,-0.14423823215692194,0.15791472906722498,0.24338640377363985,NORMAL,False
79,23,1718,74.69565217391305,0.18622728911313144,3,5,0.06140240505944983,0.15791472906722498,0.24338640377363985,NORMAL,False
80,12,892,74.33333333333333,0.18627275120128284,3,4,-0.14423823215692194,0.15791472906722498,0.24338640377363985,NORMAL,False
81,13,958,73.6923076923077,0.3415000041325887,3,4,0.15210208554046667,0.15791472906722498,0.24338640377363985,NORMAL,False
82,12,892,74.33333333333333,0.1862727078524503,3,4,-0.14423823215692194,0.15791472906722498,0.24338640377363985,NORMAL,False
83,20,1509,75.45,0.21552630474692897,3,5,0.0847038664456089,0.15791472906722498,0.24338640377363985,NORMAL,False
84,9,683,75.88888888888889,0.25575000047683716,3,4,0.07695665583574995,0.15791472906722498,0.24338640377363985,NORMAL,False
85,13,958,73.6923076923077,0.3411666552225749,3,4,0.15210208554046667,0.15791472906722498,0.24338640377363985,NORMAL,False
86,12,892,74.33333333333333,0.18618180535056375,3,4,-0.14423823215692194,0.15791472906722498,0.24338640377363985,NORMAL,False
87,18,1361,75.61111111111111,0.24100000718060663,3,4,0.13886682544191575,0.15791472906722498,0.24338640377363985,NORMAL,False
88,10,744,74.4,0.22766669591267905,3,3,0.029047120728768694,0.15791472906722498,0.24338640377363985,NORMAL,False
89,16,1167,72.9375,0.273466682434082,3,4,0.10338188871326714,0.15791472906722498,0.24338640377363985,NORMAL,False
90,12,892,74.33333333333333,0.18672728538513184,3,4,-0.14477974743558036,0.15791472906722498,0.24338640377363985,NORMAL,False
91,20,1509,75.45,0.21573684090062192,3,5,0.0855591668471013,0.15791472906722498,0.24338640377363985,NORMAL,False
92,14,1040,74.28571428571429,0.15730767983656663,3,4,0.042483553004039165,0.15791472906722498,0.24338640377363985,NORMAL,False
93,18,1315,73.05555555555556,0.2405882302452536,3,4,0.1364281785835083,0.15791472906722498,0.24338640377363985,NORMAL,False
94,12,892,74.33333333333333,0.18600000034679065,3,4,-0.1450649300213358,0.15791472906722498,0.24338640377363985,NORMAL,False
95,21,1575,75.0,0.20485000610351561,3,5,-0.00886036702249976,0.15791472906722498,0.24338640377363985,NORMAL,False
96,13,958,73.6923076923077,0.17091667652130127,3,4,0.12866268383644308,0.15791472906722498,0.24338640377363985,NORMAL,False
97,16,1167,72.9375,0.27326666514078773,3,4,0.10501377954498714,0.15791472906722498,0.24338640377363985,NORMAL,False
98,12,892,74.33333333333333,0.1862727078524503,3,4,-0.14423823215692194,0.15791472906722498,0.24338640377363985,NORMAL,False
99,18,1361,75.61111111111111,0.24082352133358226,3,4,0.13896366911807712,0.15791472906722498,0.24338640377363985,NORMAL,False
100,9,678,75.33333333333333,0.25562500953674316,3,3,0.10663114615303271,0.15791472906722498,0.24338640377363985,NORMAL,False
101,15,1101,73.4,0.29235713822501047,3,4,0.047813280199475616,0.15791472906722498,0.24338640377363985,NORMAL,False
102,12,892,74.33333333333333,0.1862727078524503,3,4,-0.14423823215692194,0.15791472906722498,0.24338640377363985,NORMAL,False
103,20,1509,75.45,0.21563157282377543,3,5,0.0847038664456089,0.15791472906722498,0.24338640377363985,NORMAL,False
104,14,1040,74.28571428571429,0.15753846902113694,3,4,0.042483553004039165,0.15791472906722498,0.24338640377363985,NORMAL,False
105,19,1381,72.6842105263158,0.22761111789279515,3,4,0.1184905995508313,0.15791472906722498,0.24338640377363985,NORMAL,False
106,13,958,73.6923076923077,0.17075000206629434,3,4,0.12866268383644308,0.15791472906722498,0.24338640377363985,NORMAL,False
107,20,1509,75.45,0.21557894505952535,3,5,0.0847038664456089,0.15791472906722498,0.24338640377363985,NORMAL,False
108,12,892,74.33333333333333,0.18618182702498,3,4,-0.14423823215692194,0.15791472906722498,0.24338640377363985,NORMAL,False
109,16,1167,72.9375,0.2730666796366374,3,4,0.10501377954498714,0.15791472906722498,0.24338640377363985,NORMAL,False
110,11,826,75.0909090909091,0.20480000972747803,3,3,-0.013307415406503154,0.15791472906722498,0.24338640377363985,NORMAL,False
111,17,1295,76.17647058823529,0.25599999725818634,3,3,0.08809141429577039,0.15791472906722498,0.24338640377363985,NORMAL,False
112,10,744,74.4,0.22755553987291124,3,3,0.02956047564841713,0.15791472906722498,0.24338640377363985,NORMAL,False
113,16,1167,72.9375,0.27300000190734863,3,4,0.10501377954498714,0.15791472906722498,0.24338640377363985,NORMAL,False
114,12,892,74.33333333333333,0.18618182702498,3,4,-0.14423823215692194,0.15791472906722498,0.24338640377363985,NORMAL,False
115,23,1718,74.69565217391305,0.18627272952686658,3,5,0.06140240505944983,0.15791472906722498,0.24338640377363985,NORMAL,False
116,17,1249,73.47058823529412,0.12812499701976776,3,4,0.11465464042833218,0.15791472906722498,0.24338640377363985,NORMAL,False
117,19,1381,72.6842105263158,0.2276111046473185,3,4,0.1184905995508313,0.15791472906722498,0.24338640377363985,NORMAL,False
118,13,958,73.6923076923077,0.17058332761128744,3,4,0.12866268383644308,0.15791472906722498,0.24338640377363985,NORMAL,False
119,22,1652,75.0909090909091,0.19500000136239187,3,5,0.062388286145542926,0.15791472906722498,0.24338640377363985,NORMAL,False
120,11,826,75.0909090909091,0.20480000972747803,3,4,-0.0691000502502645,0.15791472906722498,0.24338640377363985,NORMAL,False
121,15,1090,72.66666666666667,0.29257142543792725,3,4,0.019974667059706963,0.15791472906722498,0.24338640377363985,NORMAL,False
122,13,958,73.6923076923077,0.17075000206629434,3,3,0.02528366336138521,0.15791472906722498,0.24338640377363985,NORMAL,False
123,20,1509,75.45,0.2156842256847181,3,4,0.0855591668471013,0.15791472906722498,0.24338640377363985,NORMAL,False
124,11,815,74.0909090909091,0.20490002632141113,3,4,-0.037433619031480014,0.15791472906722498,0.24338640377363985,NORMAL,False
125,14,1024,73.14285714285714,0.31507691970238316,3,4,0.08469578514515574,0.15791472906722498,0.24338640377363985,NORMAL,False
126,10,760,76.0,0.22755553987291124,3,3,0.057691311868637074,0.15791472906722498,0.24338640377363985,NORMAL,False
127,21,1586,75.52380952380952,0.20479999780654906,3,4,-0.005324913086705574,0.15791472906722498,0.24338640377363985,NORMAL,False
128,14,1035,73.92857142857143,0.15753846902113694,3,4,0.1286033336925868,0.15791472906722498,0.24338640377363985,NORMAL,False
129,15,1101,73.4,0.29257142543792725,3,4,0.048213802348028856,0.15791472906722498,0.24338640377363985,NORMAL,False
130,12,892,74.33333333333333,0.1862727078524503,3,4,-0.14423823215692194,0.15791472906722498,0.24338640377363985,NORMAL,False
131,22,1652,75.0909090909091,0.19509523255484446,3,5,0.062388286145542926,0.15791472906722498,0.24338640377363985,NORMAL,False
132,11,826,75.0909090909091,0.20480000972747803,3,4,-0.0691000502502645,0.15791472906722498,0.24338640377363985,NORMAL,False
133,14,1024,73.14285714285714,0.3150769380422739,3,4,0.08469578514515574,0.15791472906722498,0.24338640377363985,NORMAL,False
134,13,958,73.6923076923077,0.17066667477289835,3,4,0.12866268383644308,0.15791472906722498,0.24338640377363985,NORMAL,False
135,23,1718,74.69565217391305,0.17459092356941916,3,5,0.06664942834887833,0.15791472906722498,0.24338640377363985,NORMAL,False
136,13,958,73.6923076923077,0.14941668510437012,3,4,0.12866268383644308,0.15791472906722498,0.24338640377363985,NORMAL,False
137,16,1156,72.25,0.2560666720072428,3,4,0.09259080525181285,0.15791472906722498,0.24338640377363985,NORMAL,False
138,13,958,73.6923076923077,0.17075002193450928,3,3,0.02528366336138521,0.15791472906722498,0.24338640377363985,NORMAL,False
139,16,1214,75.875,0.2730666796366374,3,3,0.09923985633971211,0.15791472906722498,0.24338640377363985,NORMAL,False
140,6,454,75.66666666666667,0.40939998626708984,2,3,0.2514377060266002,0.15791472906722498,0.24338640377363985,SUSPICIOUS,False
141,13,958,73.6923076923077,0.3412499825159709,3,4,0.15210208554046667,0.15791472906722498,0.24338640377363985,NORMAL,False
142,10,760,76.0,0.22766664293077257,3,3,0.05715068696976733,0.15791472906722498,0.24338640377363985,NORMAL,False
143,20,1520,76.0,0.21568421313637182,3,4,0.08832193558083445,0.15791472906722498,0.24338640377363985,NORMAL,False
144,17,1264,74.3529411764706,0.12806251645088196,3,4,0.057228754603970255,0.15791472906722498,0.24338640377363985,NORMAL,False
145,19,1396,73.47368421052632,0.22750000158945718,3,4,0.1230543580765191,0.15791472906722498,0.24338640377363985,NORMAL,False
146,12,892,74.33333333333333,0.18609090284867721,3,4,-0.1460426521388577,0.15791472906722498,0.24338640377363985,NORMAL,False
147,23,1718,74.69565217391305,0.18627272952686658,3,5,0.06140240505944983,0.15791472906722498,0.24338640377363985,NORMAL,False
148,13,958,73.6923076923077,0.17091667652130127,3,4,0.12866268383644308,0.15791472906722498,0.24338640377363985,NORMAL,False
149,16,1156,72.25,0.27313334147135415,3,4,0.08956683331489512,0.15791472906722498,0.24338640377363985,NORMAL,False
150,14,1024,73.14285714285714,0.15746153317964995,3,4,0.12196124318765711,0.15791472906722498,0.24338640377363985,NORMAL,False
151,22,1652,75.0909090909091,0.1950476056053525,3,5,0.062388286145542926,0.15791472906722498,0.24338640377363985,NORMAL,False
152,11,826,75.0909090909091,0.20489997863769532,3,4,-0.0691000502502645,0.15791472906722498,0.24338640377363985,NORMAL,False
153,13,958,73.6923076923077,0.3413333296775818,3,4,0.15210208554046667,0.15791472906722498,0.24338640377363985,NORMAL,False
154,10,760,76.0,0.22755556636386448,3,3,0.057691311868637074,0.15791472906722498,0.24338640377363985,NORMAL,False
155,21,1586,75.52380952380952,0.20479999780654906,3,4,-0.005324913086705574,0.15791472906722498,0.24338640377363985,NORMAL,False
156,13,958,73.6923076923077,0.17066665490468344,3,4,0.12866268383644308,0.15791472906722498,0.24338640377363985,NORMAL,False
157,15,1090,72.66666666666667,0.29257142543792725,3,4,0.019974667059706963,0.15791472906722498,0.24338640377363985,NORMAL,False
158,13,958,73.6923076923077,0.17075000206629434,3,4,0.12866268383644308,0.15791472906722498,0.24338640377363985,NORMAL,False
159,22,1652,75.0909090909091,0.19509524390811012,3,5,0.062388286145542926,0.15791472906722498,0.24338640377363985,NORMAL,False
160,11,826,75.0909090909091,0.20480000972747803,3,4,-0.0691000502502645,0.15791472906722498,0.24338640377363985,NORMAL,False
161,13,958,73.6923076923077,0.3201666673024495,3,4,0.12983635778270275,0.15791472906722498,0.24338640377363985,NORMAL,False
162,11,826,75.0909090909091,0.20499999523162843,3,3,-0.013662990473806202,0.15791472906722498,0.24338640377363985,NORMAL,False
163,20,1488,74.4,0.20221052671733655,3,4,0.03798757532672736,0.15791472906722498,0.24338640377363985,NORMAL,False
164,13,958,73.6923076923077,0.17058332761128744,3,4,0.12866268383644308,0.15791472906722498,0.24338640377363985,NORMAL,False
165,12,892,74.33333333333333,0.1863636537031694,3,4,-0.14301918142257497,0.15791472906722498,0.24338640377363985,NORMAL,False
166,12,892,74.33333333333333,0.1863636537031694,3,4,-0.14301918142257497,0.15791472906722498,0.24338640377363985,NORMAL,False
167,4,296,74.0,0.6816666126251221,2,2,0.2443319535372528,0.15791472906722498,0.24338640377363985,SUSPICIOUS,False
168,4,296,74.0,0.6816666126251221,2,2,0.2443319535372528,0.15791472906722498,0.24338640377363985,SUSPICIOUS,False
169,12,892,74.33333333333333,0.18627272952686658,3,4,-0.14423823215692194,0.15791472906722498,0.24338640377363985,NORMAL,False
170,12,892,74.33333333333333,0.18627272952686658,3,4,-0.14423823215692194,0.15791472906722498,0.24338640377363985,NORMAL,False
171,20,1488,74.4,0.10794736209668611,3,4,0.0648227734882868,0.15791472906722498,0.24338640377363985,NORMAL,False
172,20,1488,74.4,0.10794736209668611,3,4,0.0648227734882868,0.15791472906722498,0.24338640377363985,NORMAL,False
173,12,892,74.33333333333333,0.18609090284867721,3,4,-0.1460426521388577,0.15791472906722498,0.24338640377363985,NORMAL,False
174,12,892,74.33333333333333,0.18609090284867721,3,4,-0.1460426521388577,0.15791472906722498,0.24338640377363985,NORMAL,False
175,14,1040,74.28571428571429,0.15761540486262396,3,5,0.042483553004039165,0.15791472906722498,0.24338640377363985,NORMAL,False
176,14,1040,74.28571428571429,0.15761540486262396,3,5,0.042483553004039165,0.15791472906722498,0.24338640377363985,NORMAL,False
177,14,1040,74.28571428571429,0.15761540486262396,3,5,0.042483553004039165,0.15791472906722498,0.24338640377363985,NORMAL,False
178,26,1948,74.92307692307692,0.12292000770568848,3,6,0.06872392859511256,0.15791472906722498,0.24338640377363985,NORMAL,False
179,13,974,74.92307692307692,0.08533332745234172,3,5,0.0463455607616603,0.15791472906722498,0.24338640377363985,NORMAL,False
180,16,1172,73.25,0.20460000038146972,3,5,0.09736732549505134,0.15791472906722498,0.24338640377363985,NORMAL,False
181,17,1270,74.70588235294117,0.19218750298023224,3,5,0.04324495607505696,0.15791472906722498,0.24338640377363985,NORMAL,False
182,5,362,72.4,0.25724995136260986,2,2,0.21442171050140768,0.15791472906722498,0.24338640377363985,SUSPICIOUS,False
183,16,1172,73.25,0.20486666361490885,3,5,0.09687870386844522,0.15791472906722498,0.24338640377363985,NORMAL,False
184,24,1806,75.25,0.13339130774788235,3,5,0.0722692229072297,0.15791472906722498,0.24338640377363985,NORMAL,False
185,22,1642,74.63636363636364,0.048761901401338126,3,5,0.0806555756201427,0.15791472906722498,0.24338640377363985,NORMAL,False
186,25,1850,74.0,0.12800000111262003,3,5,0.10379650402993146,0.15791472906722498,0.24338640377363985,NORMAL,False
187,24,1806,75.25,0.13356521855229916,3,6,0.0722692229072297,0.15791472906722498,0.24338640377363985,NORMAL,False
188,13,974,74.92307692307692,0.08525000015894572,3,5,0.0463455607616603,0.15791472906722498,0.24338640377363985,NORMAL,False
189,17,1248,73.41176470588235,0.19193750619888306,3,5,0.10612700740894465,0.15791472906722498,0.24338640377363985,NORMAL,False
190,24,1806,75.25,0.133652168771495,3,6,0.0722692229072297,0.15791472906722498,0.24338640377363985,NORMAL,False
191,14,1040,74.28571428571429,0.07892306034381573,3,5,0.05454761931130947,0.15791472906722498,0.24338640377363985,NORMAL,False
192,18,1314,73.0,0.18076468916500316,3,5,0.11007570807448086,0.15791472906722498,0.24338640377363985,NORMAL,False
193,26,1948,74.92307692307692,0.12296000480651856,3,6,0.06872392859511256,0.15791472906722498,0.24338640377363985,NORMAL,False
194,16,1182,73.875,0.06840001742045085,3,5,0.12181705125205544,0.15791472906722498,0.24338640377363985,NORMAL,False
195,18,1314,73.0,0.18076470318962545,3,5,0.11007570807448086,0.15791472906722498,0.24338640377363985,NORMAL,False
196,27,2014,74.5925925925926,0.11811538843008187,3,6,0.07079122404578686,0.15791472906722498,0.24338640377363985,NORMAL,False
197,15,1106,73.73333333333333,0.07307144573756627,3,5,0.12272664054008897,0.15791472906722498,0.24338640377363985,NORMAL,False
198,16,1172,73.25,0.20466667811075848,3,5,0.09736732549505134,0.15791472906722498,0.24338640377363985,NORMAL,False
199,26,1948,74.92307692307692,0.12295999526977539,3,6,0.06872392859511256,0.15791472906722498,0.24338640377363985,NORMAL,False
200,13,974,74.92307692307692,0.08550000190734863,3,5,0.0463455607616603,0.15791472906722498,0.24338640377363985,NORMAL,False
201,15,1106,73.73333333333333,0.21942857333592006,3,5,0.1070739984367558,0.15791472906722498,0.24338640377363985,NORMAL,False
202,26,1948,74.92307692307692,0.12287999153137207,3,6,0.06872392859511256,0.15791472906722498,0.24338640377363985,NORMAL,False
203,14,1040,74.28571428571429,0.07884614284221943,3,5,0.05454761931130947,0.15791472906722498,0.24338640377363985,NORMAL,False
204,16,1172,73.25,0.20486666361490885,3,5,0.09687870386844522,0.15791472906722498,0.24338640377363985,NORMAL,False
205,26,1948,74.92307692307692,0.12288000106811524,3,6,0.06872392859511256,0.15791472906722498,0.24338640377363985,NORMAL,False
206,14,1040,74.28571428571429,0.07876922534062313,3,5,0.05454761931130947,0.15791472906722498,0.24338640377363985,NORMAL,False
207,16,1172,73.25,0.20480000178019206,3,5,0.09687870386844522,0.15791472906722498,0.24338640377363985,NORMAL,False
208,26,1948,74.92307692307692,0.12291999816894532,3,6,0.06872392859511256,0.15791472906722498,0.24338640377363985,NORMAL,False
209,14,1040,74.28571428571429,0.07884614284221943,3,5,0.05454761931130947,0.15791472906722498,0.24338640377363985,NORMAL,False
210,17,1238,72.82352941176471,0.19206249713897705,3,5,0.10378513639484888,0.15791472906722498,0.24338640377363985,NORMAL,False
211,26,1948,74.92307692307692,0.12296000480651856,3,6,0.06872392859511256,0.15791472906722498,0.24338640377363985,NORMAL,False
212,14,1040,74.28571428571429,0.07884616118211013,3,5,0.05454761931130947,0.15791472906722498,0.24338640377363985,NORMAL,False
213,17,1238,72.82352941176471,0.19193750619888306,3,5,0.10296858385118546,0.15791472906722498,0.24338640377363985,NORMAL,False
214,16,1204,75.25,0.20493334134419758,3,4,0.019663265029268184,0.15791472906722498,0.24338640377363985,NORMAL,False
215,5,362,72.4,0.2569999694824219,2,2,0.21442171050140768,0.15791472906722498,0.24338640377363985,SUSPICIOUS,False
216,17,1238,72.82352941176471,0.19231249392032623,3,5,0.10466834873396491,0.15791472906722498,0.24338640377363985,NORMAL,False
217,25,1882,75.28,0.12787500023841858,3,5,0.0722692229072297,0.15791472906722498,0.24338640377363985,NORMAL,False
218,23,1718,74.69565217391305,0.046363635496659714,3,5,0.08238074712960852,0.15791472906722498,0.24338640377363985,NORMAL,False
219,25,1850,74.0,0.12787499030431113,3,5,0.10379650402993146,0.15791472906722498,0.24338640377363985,NORMAL,False
220,25,1882,75.28,0.12804166475931802,3,5,0.0722692229072297,0.15791472906722498,0.24338640377363985,NORMAL,False
221,17,1238,72.82352941176471,0.17600001394748688,3,5,0.10520589527332669,0.15791472906722498,0.24338640377363985,NORMAL,False
222,29,2146,74.0,0.14632144144603185,3,6,0.103355373449039,0.15791472906722498,0.24338640377363985,NORMAL,False
223,27,2014,74.5925925925926,0.11823077385242169,3,6,0.07079122404578686,0.15791472906722498,0.24338640377363985,NORMAL,False
224,16,1172,73.25,0.22206665674845377,3,5,0.10476793619525981,0.15791472906722498,0.24338640377363985,NORMAL,False
225,28,2080,74.28571428571429,0.16129629700272172,3,6,0.06518942087265633,0.15791472906722498,0.24338640377363985,NORMAL,False
226,25,1882,75.28,0.1280833383401235,3,5,0.0722692229072297,0.15791472906722498,0.24338640377363985,NORMAL,False
227,15,1106,73.73333333333333,0.21935714994158065,3,5,0.1070739984367558,0.15791472906722498,0.24338640377363985,NORMAL,False
228,27,2014,74.5925925925926,0.15753846902113694,3,6,0.06579729242517873,0.15791472906722498,0.24338640377363985,NORMAL,False
229,26,1948,74.92307692307692,0.12288000106811524,3,6,0.06872392859511256,0.15791472906722498,0.24338640377363985,NORMAL,False
230,16,1172,73.25,0.1875333309173584,3,5,0.10646018523243572,0.15791472906722498,0.24338640377363985,NORMAL,False
231,29,2146,74.0,0.13717857428959437,3,6,0.103355373449039,0.15791472906722498,0.24338640377363985,NORMAL,False
232,27,2014,74.5925925925926,0.11830769135401799,3,6,0.07079122404578686,0.15791472906722498,0.24338640377363985,NORMAL,False
233,16,1172,73.25,0.20486666361490885,3,5,0.09687870386844522,0.15791472906722498,0.24338640377363985,NORMAL,False
234,29,2146,74.0,0.14639286484037126,3,6,0.103355373449039,0.15791472906722498,0.24338640377363985,NORMAL,False
235,27,2014,74.5925925925926,0.11815384718088004,3,6,0.07079122404578686,0.15791472906722498,0.24338640377363985,NORMAL,False
236,15,1106,73.73333333333333,0.2194999967302595,3,5,0.1070739984367558,0.15791472906722498,0.24338640377363985,NORMAL,False
237,28,2080,74.28571428571429,0.15177777961448388,3,6,0.06518942087265633,0.15791472906722498,0.24338640377363985,NORMAL,False
238,27,2014,74.5925925925926,0.11819231510162354,3,6,0.07079122404578686,0.15791472906722498,0.24338640377363985,NORMAL,False
239,16,1172,73.25,0.20480000178019206,3,5,0.09687870386844522,0.15791472906722498,0.24338640377363985,NORMAL,False
240,26,1938,74.53846153846153,0.1638800048828125,3,6,0.06579729242517873,0.15791472906722498,0.24338640377363985,NORMAL,False
241,25,1872,74.88,0.1280416746934255,3,6,0.06872392859511256,0.15791472906722498,0.24338640377363985,NORMAL,False
242,15,1106,73.73333333333333,0.21964286054883683,3,5,0.1070739984367558,0.15791472906722498,0.24338640377363985,NORMAL,False
243,28,2080,74.28571428571429,0.15170370207892525,3,6,0.06518942087265633,0.15791472906722498,0.24338640377363985,NORMAL,False
244,26,1948,74.92307692307692,0.12288000106811524,3,5,0.06872392859511256,0.15791472906722498,0.24338640377363985,NORMAL,False
245,17,1248,73.41176470588235,0.19181250035762787,3,5,0.10526757790681085,0.15791472906722498,0.24338640377363985,NORMAL,False
246,27,2014,74.5925925925926,0.15750000110039344,3,6,0.06579729242517873,0.15791472906722498,0.24338640377363985,NORMAL,False
247,24,1806,75.25,0.13365217913752017,3,6,0.0722692229072297,0.15791472906722498,0.24338640377363985,NORMAL,False
248,15,1106,73.73333333333333,0.21935714994158065,3,5,0.1070739984367558,0.15791472906722498,0.24338640377363985,NORMAL,False
249,27,2014,74.5925925925926,0.15750000110039344,3,6,0.06579729242517873,0.15791472906722498,0.24338640377363985,NORMAL,False
250,26,1948,74.92307692307692,0.12276000022888184,3,6,0.06872392859511256,0.15791472906722498,0.24338640377363985,NORMAL,False
251,19,1380,72.63157894736842,0.17083333598242867,3,5,0.10516476941641406,0.15791472906722498,0.24338640377363985,NORMAL,False
252,31,2288,73.80645161290323,0.13660000165303549,3,6,0.1051218318560374,0.15791472906722498,0.24338640377363985,NORMAL,False
253,27,2014,74.5925925925926,0.11826923260321984,3,6,0.07079122404578686,0.15791472906722498,0.24338640377363985,NORMAL,False
254,16,1172,73.25,0.204533322652181,3,5,0.09867854133283926,0.15791472906722498,0.24338640377363985,NORMAL,False
255,29,2146,74.0,0.14621428080967494,3,6,0.103355373449039,0.15791472906722498,0.24338640377363985,NORMAL,False
256,26,1948,74.92307692307692,0.122839994430542,3,5,0.06872392859511256,0.15791472906722498,0.24338640377363985,NORMAL,False
257,15,1106,73.73333333333333,0.2195714201245989,3,5,0.1070739984367558,0.15791472906722498,0.24338640377363985,NORMAL,False
258,24,1798,74.91666666666667,0.1782174006752346,3,5,0.06374808402925469,0.15791472906722498,0.24338640377363985,NORMAL,False
259,23,1732,75.30434782608695,0.13972727818922562,3,5,0.0710158483217902,0.15791472906722498,0.24338640377363985,NORMAL,False
260,15,1106,73.73333333333333,0.21935714994158065,3,5,0.1070739984367558,0.15791472906722498,0.24338640377363985,NORMAL,False
261,24,1798,74.91666666666667,0.1780869546143905,3,5,0.06374808402925469,0.15791472906722498,0.24338640377363985,NORMAL,False
262,23,1732,75.30434782608695,0.13963635401292282,3,5,0.0710158483217902,0.15791472906722498,0.24338640377363985,NORMAL,False
263,19,1388,73.05263157894737,0.17066666815016004,3,5,0.10871346827001638,0.15791472906722498,0.24338640377363985,NORMAL,False
264,32,2362,73.8125,0.1321290308429349,3,6,0.1046797329975383,0.15791472906722498,0.24338640377363985,NORMAL,False
265,27,2014,74.5925925925926,0.11811538843008187,3,6,0.07079122404578686,0.15791472906722498,0.24338640377363985,NORMAL,False
266,19,1388,73.05263157894737,0.1707222196790907,3,5,0.10871346827001638,0.15791472906722498,0.24338640377363985,NORMAL,False
267,32,2362,73.8125,0.13216128656941076,3,6,0.1046797329975383,0.15791472906722498,0.24338640377363985,NORMAL,False
268,27,2014,74.5925925925926,0.11823076468247634,3,6,0.07079122404578686,0.15791472906722498,0.24338640377363985,NORMAL,False
269,15,1106,73.73333333333333,0.21950001376015799,3,5,0.1070739984367558,0.15791472906722498,0.24338640377363985,NORMAL,False
270,27,2014,74.5925925925926,0.15753845985119158,3,6,0.06579729242517873,0.15791472906722498,0.24338640377363985,NORMAL,False
271,26,1948,74.92307692307692,0.12291999816894532,3,6,0.06872392859511256,0.15791472906722498,0.24338640377363985,NORMAL,False
272,15,1106,73.73333333333333,0.21935713291168213,3,5,0.1070739984367558,0.15791472906722498,0.24338640377363985,NORMAL,False
273,28,2080,74.28571428571429,0.15162616305881077,3,6,0.06518942087265633,0.15791472906722498,0.24338640377363985,NORMAL,False
274,27,2014,74.5925925925926,0.11811179381150466,3,6,0.07079122404578686,0.15791472906722498,0.24338640377363985,NORMAL,False
275,16,1172,73.25,0.2048394521077474,3,5,0.09687870386844522,0.15791472906722498,0.24338640377363985,NORMAL,False
276,29,2146,74.0,0.1463369641985212,3,6,0.103355373449039,0.15791472906722498,0.24338640377363985,NORMAL,False
277,27,2014,74.5925925925926,0.11825109445131742,3,6,0.07079122404578686,0.15791472906722498,0.24338640377363985,NORMAL,False
278,15,1106,73.73333333333333,0.21932363510131836,3,5,0.1070739984367558,0.15791472906722498,0.24338640377363985,NORMAL,False
279,27,2014,74.5925925925926,0.15751441625448373,3,6,0.06579729242517873,0.15791472906722498,0.24338640377363985,NORMAL,False
280,26,1948,74.92307692307692,0.12282126426696777,3,6,0.06872392859511256,0.15791472906722498,0.24338640377363985,NORMAL,False
281,17,1238,72.82352941176471,0.17603576183319092,3,5,0.10520589527332669,0.15791472906722498,0.24338640377363985,NORMAL,False
282,25,1872,74.88,0.1599757174650828,3,6,0.06374808402925469,0.15791472906722498,0.24338640377363985,NORMAL,False
283,24,1806,75.25,0.12241621639417566,3,6,0.0722692229072297,0.15791472906722498,0.24338640377363985,NORMAL,False
284,16,1172,73.25,0.20503568649291992,3,5,0.09586443704575098,0.15791472906722498,0.24338640377363985,NORMAL,False
285,28,2080,74.28571428571429,0.1517178394176342,3,6,0.06518942087265633,0.15791472906722498,0.24338640377363985,NORMAL,False
286,24,1816,75.66666666666667,0.1336320275845735,3,5,0.07605260439497197,0.15791472906722498,0.24338640377363985,NORMAL,False
287,18,1314,73.0,0.18044349726508646,3,5,0.11007570807448086,0.15791472906722498,0.24338640377363985,NORMAL,False
288,30,2222,74.06666666666666,0.14115123913205904,3,6,0.09624138402974747,0.15791472906722498,0.24338640377363985,NORMAL,False
289,26,1948,74.92307692307692,0.12294157028198242,3,6,0.06872392859511256,0.15791472906722498,0.24338640377363985,NORMAL,False
290,16,1172,73.25,0.2049694061279297,3,5,0.09586443704575098,0.15791472906722498,0.24338640377363985,NORMAL,False
291,29,2146,74.0,0.14637103251048497,3,6,0.103355373449039,0.15791472906722498,0.24338640377363985,NORMAL,False
292,27,2014,74.5925925925926,0.11817470880655143,3,6,0.07079122404578686,0.15791472906722498,0.24338640377363985,NORMAL,False
293,16,1172,73.25,0.2047029495239258,3,5,0.09736732549505134,0.15791472906722498,0.24338640377363985,NORMAL,False
294,29,2146,74.0,0.14622832196099417,3,6,0.103355373449039,0.15791472906722498,0.24338640377363985,NORMAL,False
295,27,2014,74.5925925925926,0.11809789217435397,3,6,0.07079122404578686,0.15791472906722498,0.24338640377363985,NORMAL,False
296,15,1106,73.73333333333333,0.21939623355865479,3,5,0.1070739984367558,0.15791472906722498,0.24338640377363985,NORMAL,False
297,28,2080,74.28571428571429,0.15171839572765208,3,6,0.06518942087265633,0.15791472906722498,0.24338640377363985,NORMAL,False
298,27,2014,74.5925925925926,0.11817491971529447,3,6,0.07079122404578686,0.15791472906722498,0.24338640377363985,NORMAL,False
299,15,1106,73.73333333333333,0.21946782725197927,3,5,0.1070739984367558,0.15791472906722498,0.24338640377363985,NORMAL,False
300,27,2014,74.5925925925926,0.157553847019489,3,6,0.06579729242517873,0.15791472906722498,0.24338640377363985,NORMAL,False
301,26,1948,74.92307692307692,0.1229020118713379,3,6,0.06872392859511256,0.15791472906722498,0.24338640377363985,NORMAL,False
302,16,1172,73.25,0.20470350583394367,3,5,0.09736732549505134,0.15791472906722498,0.24338640377363985,NORMAL,False
303,28,2080,74.28571428571429,0.15179271168178982,3,6,0.06518942087265633,0.15791472906722498,0.24338640377363985,NORMAL,False
304,27,2014,74.5925925925926,0.11825202978574313,3,6,0.07079122404578686,0.15791472906722498,0.24338640377363985,NORMAL,False
305,18,1304,72.44444444444444,0.1807385332444135,3,5,0.10651906758809981,0.15791472906722498,0.24338640377363985,NORMAL,False
306,26,1938,74.53846153846153,0.16389628410339355,3,6,0.06579729242517873,0.15791472906722498,0.24338640377363985,NORMAL,False
307,23,1740,75.65217391304348,0.13957073471762918,3,5,0.07563174336264522,0.15791472906722498,0.24338640377363985,NORMAL,False
308,15,1106,73.73333333333333,0.2193255594798497,3,5,0.1070739984367558,0.15791472906722498,0.24338640377363985,NORMAL,False
309,28,2080,74.28571428571429,0.151718916716399,3,6,0.06518942087265633,0.15791472906722498,0.24338640377363985,NORMAL,False
310,25,1882,75.28,0.12802327672640482,3,5,0.0722692229072297,0.15791472906722498,0.24338640377363985,NORMAL,False
311,18,1314,73.0,0.18073882776148179,3,5,0.11007570807448086,0.15791472906722498,0.24338640377363985,NORMAL,False
312,31,2288,73.80645161290323,0.13658047517140706,3,6,0.1051218318560374,0.15791472906722498,0.24338640377363985,NORMAL,False
313,27,2014,74.5925925925926,0.11817543323223408,3,6,0.07079122404578686,0.15791472906722498,0.24338640377363985,NORMAL,False
314,15,1106,73.73333333333333,0.23796617984771729,3,5,0.10506497054533714,0.15791472906722498,0.24338640377363985,NORMAL,False
315,27,2014,74.5925925925926,0.16747621389535758,3,6,0.06579729242517873,0.15791472906722498,0.24338640377363985,NORMAL,False
316,26,1948,74.92307692307692,0.1332210922241211,3,6,0.06872392859511256,0.15791472906722498,0.24338640377363985,NORMAL,False
317,15,1106,73.73333333333333,0.219254732131958,3,5,0.1070739984367558,0.15791472906722498,0.24338640377363985,NORMAL,False
318,28,2080,74.28571428571429,0.15183041713855885,3,6,0.06518942087265633,0.15791472906722498,0.24338640377363985,NORMAL,False
319,27,2014,74.5925925925926,0.11836792872502254,3,6,0.07079122404578686,0.15791472906722498,0.24338640377363985,NORMAL,False
320,16,1172,73.25,0.20483787854512533,3,5,0.09687870386844522,0.15791472906722498,0.24338640377363985,NORMAL,False
321,27,2004,74.22222222222223,0.15751634194300726,3,6,0.07539404486479218,0.15791472906722498,0.24338640377363985,NORMAL,False
322,25,1872,74.88,0.12781540552775064,3,6,0.06872392859511256,0.15791472906722498,0.24338640377363985,NORMAL,False
323,15,1106,73.73333333333333,0.2193265301840646,3,5,0.1070739984367558,0.15791472906722498,0.24338640377363985,NORMAL,False
324,27,2014,74.5925925925926,0.157554947412931,3,6,0.06579729242517873,0.15791472906722498,0.24338640377363985,NORMAL,False
325,26,1948,74.92307692307692,0.1229428768157959,3,6,0.06872392859511256,0.15791472906722498,0.24338640377363985,NORMAL,False
326,18,1314,73.0,0.1657416820526123,3,5,0.11007570807448086,0.15791472906722498,0.24338640377363985,NORMAL,False
327,30,2222,74.06666666666666,0.14132521892416067,3,6,0.09624138402974747,0.15791472906722498,0.24338640377363985,NORMAL,False
328,27,2014,74.5925925925926,0.11821438716008113,3,6,0.07079122404578686,0.15791472906722498,0.24338640377363985,NORMAL,False
329,16,1172,73.25,0.20470507939656576,3,5,0.09736732549505134,0.15791472906722498,0.24338640377363985,NORMAL,False
330,26,1948,74.92307692307692,0.11258449554443359,3,5,0.06872392859511256,0.15791472906722498,0.24338640377363985,NORMAL,False
331,26,1948,74.92307692307692,0.11258449554443359,3,5,0.06872392859511256,0.15791472906722498,0.24338640377363985,NORMAL,False
332,15,1106,73.73333333333333,0.21946987083980016,3,5,0.1070739984367558,0.15791472906722498,0.24338640377363985,NORMAL,False
333,26,1948,74.92307692307692,0.12294315338134766,3,6,0.06872392859511256,0.15791472906722498,0.24338640377363985,NORMAL,False
334,13,974,74.92307692307692,0.08540499210357666,3,5,0.0463455607616603,0.15791472906722498,0.24338640377363985,NORMAL,False
335,15,1106,73.73333333333333,0.21939866883414133,3,5,0.1070739984367558,0.15791472906722498,0.24338640377363985,NORMAL,False
336,24,1806,75.25,0.1336339867633322,3,6,0.0722692229072297,0.15791472906722498,0.24338640377363985,NORMAL,False
337,12,898,74.83333333333333,0.09326004981994629,3,5,-0.08384496578777129,0.15791472906722498,0.24338640377363985,NORMAL,False
338,16,1172,73.25,0.22223652203877767,3,5,0.10521009954167027,0.15791472906722498,0.24338640377363985,NORMAL,False
339,27,2014,74.5925925925926,0.12809805686657244,3,6,0.07079122404578686,0.15791472906722498,0.24338640377363985,NORMAL,False
340,17,1248,73.41176470588235,0.06392887234687805,3,5,0.11636074792246565,0.15791472906722498,0.24338640377363985,NORMAL,False
341,18,1314,73.0,0.18056391267215505,3,5,0.11007570807448086,0.15791472906722498,0.24338640377363985,NORMAL,False
342,29,2146,74.0,0.14619461127689906,3,6,0.103355373449039,0.15791472906722498,0.24338640377363985,NORMAL,False
343,25,1872,74.88,0.12798279523849487,3,6,0.06872392859511256,0.15791472906722498,0.24338640377363985,NORMAL,False
344,15,1106,73.73333333333333,0.21939921379089355,3,5,0.1070739984367558,0.15791472906722498,0.24338640377363985,NORMAL,False
345,27,2014,74.5925925925926,0.1575943139883188,3,6,0.06579729242517873,0.15791472906722498,0.24338640377363985,NORMAL,False
346,26,1948,74.92307692307692,0.12298357009887695,3,6,0.06872392859511256,0.15791472906722498,0.24338640377363985,NORMAL,False
347,19,1380,72.63157894736842,0.17058840062883165,3,5,0.10516476941641406,0.15791472906722498,0.24338640377363985,NORMAL,False
348,28,2080,74.28571428571429,0.15164649928057636,3,6,0.06518942087265633,0.15791472906722498,0.24338640377363985,NORMAL,False
349,25,1872,74.88,0.12794135014216104,3,6,0.06872392859511256,0.15791472906722498,0.24338640377363985,NORMAL,False
350,16,1172,73.25,0.20497288703918456,3,5,0.09586443704575098,0.15791472906722498,0.24338640377363985,NORMAL,False
351,28,2080,74.28571428571429,0.15183178583780924,3,6,0.06518942087265633,0.15791472906722498,0.24338640377363985,NORMAL,False
352,24,1816,75.66666666666667,0.1337649511254352,3,5,0.07605260439497197,0.15791472906722498,0.24338640377363985,NORMAL,False
353,17,1248,73.41176470588235,0.19184976816177368,3,5,0.10526757790681085,0.15791472906722498,0.24338640377363985,NORMAL,False
354,30,2222,74.06666666666666,0.1411883419957654,3,6,0.09624138402974747,0.15791472906722498,0.24338640377363985,NORMAL,False
355,27,2014,74.5925925925926,0.11809988205249493,3,6,0.07079122404578686,0.15791472906722498,0.24338640377363985,NORMAL,False
356,16,1172,73.25,0.18777543703715008,3,5,0.10646018523243572,0.15791472906722498,0.24338640377363985,NORMAL,False
357,19,1402,73.78947368421052,0.21352766619788277,3,5,0.1187135674588562,0.15791472906722498,0.24338640377363985,NORMAL,False
358,18,1368,76.0,0.28608038846184225,3,5,0.1488042658183134,0.15791472906722498,0.24338640377363985,NORMAL,False
359,15,1106,73.73333333333333,0.2196143184389387,3,5,0.1070739984367558,0.15791472906722498,0.24338640377363985,NORMAL,False
360,24,1806,75.25,0.1335044114486031,3,6,0.0722692229072297,0.15791472906722498,0.24338640377363985,NORMAL,False
361,21,1576,75.04761904761905,0.051343345642089845,3,5,0.0745767679509991,0.15791472906722498,0.24338640377363985,NORMAL,False
362,27,1982,73.4074074074074,0.11817702880272499,3,5,0.10458808552042187,0.15791472906722498,0.24338640377363985,NORMAL,False
363,27,2014,74.5925925925926,0.11813861590165359,3,6,0.07079122404578686,0.15791472906722498,0.24338640377363985,NORMAL,False
364,17,1248,73.41176470588235,0.06405426561832428,3,5,0.11636074792246565,0.15791472906722498,0.24338640377363985,NORMAL,False
365,18,1314,73.0,0.18074150646434112,3,5,0.11007570807448086,0.15791472906722498,0.24338640377363985,NORMAL,False
366,22,1674,76.0909090909091,0.14636219115484328,3,5,0.0777391278116607,0.15791472906722498,0.24338640377363985,NORMAL,False
367,11,832,75.63636363636364,0.10248687267303466,3,5,-0.0340080804860165,0.15791472906722498,0.24338640377363985,NORMAL,False
368,17,1238,72.82352941176471,0.19203798472881317,3,5,0.10378513639484888,0.15791472906722498,0.24338640377363985,NORMAL,False
369,23,1732,75.30434782608695,0.13966403224251486,3,5,0.0710158483217902,0.15791472906722498,0.24338640377363985,NORMAL,False
370,13,966,74.3076923076923,0.0854058067003886,3,4,0.04572025532796509,0.15791472906722498,0.24338640377363985,NORMAL,False
371,18,1314,73.0,0.18062412037568934,3,5,0.11007570807448086,0.15791472906722498,0.24338640377363985,NORMAL,False
372,22,1674,76.0909090909091,0.14636241822015672,3,5,0.0777391278116607,0.15791472906722498,0.24338640377363985,NORMAL,False
373,15,1114,74.26666666666667,0.07334787505013603,3,5,0.0706866955010278,0.15791472906722498,0.24338640377363985,NORMAL,False
374,19,1388,73.05263157894737,0.17064515749613443,3,5,0.10871346827001638,0.15791472906722498,0.24338640377363985,NORMAL,False
375,27,2014,74.5925925925926,0.11810052394866943,3,6,0.07079122404578686,0.15791472906722498,0.24338640377363985,NORMAL,False
376,17,1248,73.41176470588235,0.0641169399023056,3,5,0.11636074792246565,0.15791472906722498,0.24338640377363985,NORMAL,False
377,19,1380,72.63157894736842,0.17070081498887804,3,5,0.10516476941641406,0.15791472906722498,0.24338640377363985,NORMAL,False
378,27,2014,74.5925925925926,0.11821597356062669,3,6,0.07079122404578686,0.15791472906722498,0.24338640377363985,NORMAL,False
379,14,1040,74.28571428571429,0.07883629432091346,3,5,0.05454761931130947,0.15791472906722498,0.24338640377363985,NORMAL,False
380,16,1172,73.25,0.27303266525268555,3,5,0.10737388039488249,0.15791472906722498,0.24338640377363985,NORMAL,False
381,16,1204,75.25,0.20510783195495605,3,4,0.018111849043047745,0.15791472906722498,0.24338640377363985,NORMAL,False
382,4,296,74.0,0.34195764859517414,2,2,0.2319244424249024,0.15791472906722498,0.24338640377363985,SUSPICIOUS,False
383,16,1172,73.25,0.27289956410725913,3,5,0.10737388039488249,0.15791472906722498,0.24338640377363985,NORMAL,False
384,17,1270,74.70588235294117,0.19235120713710785,3,5,0.04324495607505696,0.15791472906722498,0.24338640377363985,NORMAL,False
385,15,1138,75.86666666666666,0.21890160015651158,3,4,0.0577860623155485,0.15791472906722498,0.24338640377363985,NORMAL,False
386,26,1916,73.6923076923077,0.16353986740112306,3,5,0.09982753698407609,0.15791472906722498,0.24338640377363985,NORMAL,False
387,17,1270,74.70588235294117,0.192226380109787,3,5,0.04324495607505696,0.15791472906722498,0.24338640377363985,NORMAL,False
388,15,1138,75.86666666666666,0.21940171718597412,3,4,0.0577860623155485,0.15791472906722498,0.24338640377363985,NORMAL,False
389,26,1916,73.6923076923077,0.16381996154785156,3,5,0.09982753698407609,0.15791472906722498,0.24338640377363985,NORMAL,False
390,17,1270,74.70588235294117,0.19222651422023773,3,5,0.04324495607505696,0.15791472906722498,0.24338640377363985,NORMAL,False
391,14,1040,74.28571428571429,0.07906726690439078,3,4,0.05454761931130947,0.15791472906722498,0.24338640377363985,NORMAL,False
392,25,1850,74.0,0.12802608807881674,3,5,0.10379650402993146,0.15791472906722498,0.24338640377363985,NORMAL,False
393,26,1948,74.92307692307692,0.12298507690429687,3,6,0.06872392859511256,0.15791472906722498,0.24338640377363985,NORMAL,False
394,23,1718,74.69565217391305,0.04663071849129417,3,5,0.08238074712960852,0.15791472906722498,0.24338640377363985,NORMAL,False
395,26,1916,73.6923076923077,0.16378021240234375,3,5,0.09982753698407609,0.15791472906722498,0.24338640377363985,NORMAL,False
396,17,1270,74.70588235294117,0.19210180640220642,3,5,0.04324495607505696,0.15791472906722498,0.24338640377363985,NORMAL,False
397,16,1172,73.25,0.18744413057963052,3,5,0.10646018523243572,0.15791472906722498,0.24338640377363985,NORMAL,False
398,29,2146,74.0,0.1370192425591605,3,6,0.103355373449039,0.15791472906722498,0.24338640377363985,NORMAL,False
399,27,2014,74.5925925925926,0.10837159706996037,3,6,0.07079122404578686,0.15791472906722498,0.24338640377363985,NORMAL,False
400,27,1982,73.4074074074074,0.11817817504589374,3,5,0.10458808552042187,0.15791472906722498,0.24338640377363985,NORMAL,False
401,38,2824,74.3157894736842,0.11074352264404297,3,6,0.06770743886258024,0.15791472906722498,0.24338640377363985,NORMAL,False
402,27,2014,74.5925925925926,0.11817821172567514,3,6,0.07079122404578686,0.15791472906722498,0.24338640377363985,NORMAL,False
403,15,1106,73.73333333333333,0.21947390692574636,3,5,0.1070739984367558,0.15791472906722498,0.24338640377363985,NORMAL,False
404,27,2014,74.5925925925926,0.15755821191347563,3,6,0.06579729242517873,0.15791472906722498,0.24338640377363985,NORMAL,False
405,24,1816,75.66666666666667,0.13359284400939941,3,5,0.07605260439497197,0.15791472906722498,0.24338640377363985,NORMAL,False
406,16,1172,73.25,0.20477581024169922,3,5,0.09736732549505134,0.15791472906722498,0.24338640377363985,NORMAL,False
407,28,2080,74.28571428571429,0.16120320779305916,3,6,0.06518942087265633,0.15791472906722498,0.24338640377363985,NORMAL,False
408,27,2014,74.5925925925926,0.12806183558243972,3,6,0.07079122404578686,0.15791472906722498,0.24338640377363985,NORMAL,False
409,17,1238,72.82352941176471,0.19203995168209076,3,5,0.10378513639484888,0.15791472906722498,0.24338640377363985,NORMAL,False
410,22,1595,72.5,0.19516758691696895,3,6,0.10108039508699129,0.15791472906722498,0.24338640377363985,NORMAL,False
411,19,1397,73.52631578947368,0.15659276644388834,3,5,0.10747234483685464,0.15791472906722498,0.24338640377363985,NORMAL,False
412,9,621,69.0,0.4159514605998993,2,3,0.22553328228419,0.15791472906722498,0.24338640377363985,SUSPICIOUS,False
413,9,621,69.0,0.4159514605998993,2,3,0.22553328228419,0.15791472906722498,0.24338640377363985,SUSPICIOUS,False
414,7,489,69.85714285714286,0.3837885856628418,2,2,0.23299509597346468,0.15791472906722498,0.24338640377363985,SUSPICIOUS,False
415,9,621,69.0,0.3523341119289398,2,3,0.21276355385493295,0.15791472906722498,0.24338640377363985,SUSPICIOUS,False
416,9,621,69.0,0.3523341119289398,2,3,0.21276355385493295,0.15791472906722498,0.24338640377363985,SUSPICIOUS,False
417,7,489,69.85714285714286,0.00016661485036214194,2,3,0.15745615184336736,0.15791472906722498,0.24338640377363985,NORMAL,False
418,8,555,69.375,0.3655292306627546,2,3,0.22288679794077992,0.15791472906722498,0.24338640377363985,SUSPICIOUS,False
419,8,555,69.375,0.3655292306627546,2,3,0.22288679794077992,0.15791472906722498,0.24338640377363985,SUSPICIOUS,False
420,1,66,66.0,0.0,1,1,0.24338640377363985,0.15791472906722498,0.24338640377363985,SUSPICIOUS,False
421,8,555,69.375,0.43880677223205566,2,3,0.23138970223958943,0.15791472906722498,0.24338640377363985,SUSPICIOUS,False
422,7,489,69.85714285714286,0.0,2,3,0.17709528989793355,0.15791472906722498,0.24338640377363985,SUSPICIOUS,False
423,8,555,69.375,0.2925379957471575,2,3,0.19205229464722984,0.15791472906722498,0.24338640377363985,SUSPICIOUS,False
424,8,555,69.375,0.2925379957471575,2,3,0.19205229464722984,0.15791472906722498,0.24338640377363985,SUSPICIOUS,False
425,1,66,66.0,0.0,1,1,0.24338640377363985,0.15791472906722498,0.24338640377363985,SUSPICIOUS,False
426,8,555,69.375,0.4390930107661656,2,3,0.23138970223958943,0.15791472906722498,0.24338640377363985,SUSPICIOUS,False
427,7,489,69.85714285714286,0.0,2,3,0.17709528989793355,0.15791472906722498,0.24338640377363985,SUSPICIOUS,False
428,8,555,69.375,0.2923955236162458,2,3,0.19205229464722984,0.15791472906722498,0.24338640377363985,SUSPICIOUS,False
429,8,555,69.375,0.2923955236162458,2,3,0.19205229464722984,0.15791472906722498,0.24338640377363985,SUSPICIOUS,False
430,1,66,66.0,0.0,1,1,0.24338640377363985,0.15791472906722498,0.24338640377363985,SUSPICIOUS,False
431,7,489,69.85714285714286,0.5121090412139893,2,3,0.23729339453318687,0.15791472906722498,0.24338640377363985,SUSPICIOUS,False
432,6,423,70.5,0.0,2,3,0.18376642129134124,0.15791472906722498,0.24338640377363985,SUSPICIOUS,False
433,8,555,69.375,0.2925387110028948,2,3,0.19205229464722984,0.15791472906722498,0.24338640377363985,SUSPICIOUS,False
434,8,555,69.375,0.2925387110028948,2,3,0.19205229464722984,0.15791472906722498,0.24338640377363985,SUSPICIOUS,False
435,2,132,66.0,0.0,2,2,0.24338640377363985,0.15791472906722498,0.24338640377363985,SUSPICIOUS,False
436,8,555,69.375,0.4386654240744455,2,3,0.23138970223958943,0.15791472906722498,0.24338640377363985,SUSPICIOUS,False
437,6,423,70.5,0.0,2,3,0.18376642129134124,0.15791472906722498,0.24338640377363985,SUSPICIOUS,False
438,8,555,69.375,0.29268183026994976,2,3,0.19205229464722984,0.15791472906722498,0.24338640377363985,SUSPICIOUS,False
439,8,555,69.375,0.29268183026994976,2,3,0.19205229464722984,0.15791472906722498,0.24338640377363985,SUSPICIOUS,False
440,2,132,66.0,0.0,2,2,0.24338640377363985,0.15791472906722498,0.24338640377363985,SUSPICIOUS,False
441,8,555,69.375,0.43895162854875835,2,3,0.23138970223958943,0.15791472906722498,0.24338640377363985,SUSPICIOUS,False
442,6,423,70.5,0.00020003318786621094,2,3,0.16187989802116143,0.15791472906722498,0.24338640377363985,SUSPICIOUS,False
443,8,555,69.375,0.2928250176565988,2,3,0.19205229464722984,0.15791472906722498,0.24338640377363985,SUSPICIOUS,False
444,8,555,69.375,0.2928250176565988,2,3,0.19205229464722984,0.15791472906722498,0.24338640377363985,SUSPICIOUS,False
445,2,132,66.0,0.0,2,2,0.24338640377363985,0.15791472906722498,0.24338640377363985,SUSPICIOUS,False
446,9,621,69.0,0.383833110332489,2,3,0.2234153214065977,0.15791472906722498,0.24338640377363985,SUSPICIOUS,False
447,7,489,69.85714285714286,0.0,2,3,0.17709528989793355,0.15791472906722498,0.24338640377363985,SUSPICIOUS,False
448,8,555,69.375,0.29268247740609304,2,3,0.19205229464722984,0.15791472906722498,0.24338640377363985,SUSPICIOUS,False
449,8,555,69.375,0.29268247740609304,2,3,0.19205229464722984,0.15791472906722498,0.24338640377363985,SUSPICIOUS,False
450,7,489,69.85714285714286,0.4696159362792969,2,3,0.23729339453318687,0.15791472906722498,0.24338640377363985,SUSPICIOUS,False
451,7,489,69.85714285714286,0.4696159362792969,2,3,0.23729339453318687,0.15791472906722498,0.24338640377363985,SUSPICIOUS,False
452,8,555,69.375,0.2923971244267055,2,3,0.19205229464722984,0.15791472906722498,0.24338640377363985,SUSPICIOUS,False
453,8,555,69.375,0.2923971244267055,2,3,0.19205229464722984,0.15791472906722498,0.24338640377363985,SUSPICIOUS,False
454,8,555,69.375,0.2923971244267055,2,3,0.19205229464722984,0.15791472906722498,0.24338640377363985,SUSPICIOUS,False
455,5,338,67.6,0.7681677341461182,2,2,0.2399926213425435,0.15791472906722498,0.24338640377363985,SUSPICIOUS,False
456,5,338,67.6,0.7681677341461182,2,2,0.2399926213425435,0.15791472906722498,0.24338640377363985,SUSPICIOUS,False
457,9,621,69.0,0.2558477520942688,2,3,0.16331891795321696,0.15791472906722498,0.24338640377363985,SUSPICIOUS,False
458,9,621,69.0,0.2558477520942688,2,3,0.16331891795321696,0.15791472906722498,0.24338640377363985,SUSPICIOUS,False
459,9,621,69.0,0.2558477520942688,2,3,0.16331891795321696,0.15791472906722498,0.24338640377363985,SUSPICIOUS,False
460,11,772,70.18181818181819,0.3076673984527588,2,3,0.15473596093056485,0.15791472906722498,0.24338640377363985,NORMAL,False
461,11,772,70.18181818181819,0.3076673984527588,2,3,0.15473596093056485,0.15791472906722498,0.24338640377363985,NORMAL,False
462,9,621,69.0,0.2555980384349823,2,2,0.19066073742062417,0.15791472906722498,0.24338640377363985,SUSPICIOUS,False
463,9,621,69.0,0.2555980384349823,2,2,0.19066073742062417,0.15791472906722498,0.24338640377363985,SUSPICIOUS,False
464,9,621,69.0,0.2555980384349823,2,2,0.19066073742062417,0.15791472906722498,0.24338640377363985,SUSPICIOUS,False
465,9,621,69.0,0.38408470153808594,2,3,0.2234153214065977,0.15791472906722498,0.24338640377363985,SUSPICIOUS,False
466,9,621,69.0,0.38408470153808594,2,3,0.2234153214065977,0.15791472906722498,0.24338640377363985,SUSPICIOUS,False
467,6,423,70.5,0.4097572326660156,2,2,0.23729339453318687,0.15791472906722498,0.24338640377363985,SUSPICIOUS,False
468,6,423,70.5,0.4097572326660156,2,2,0.23729339453318687,0.15791472906722498,0.24338640377363985,SUSPICIOUS,False
469,6,423,70.5,0.4097572326660156,2,2,0.23729339453318687,0.15791472906722498,0.24338640377363985,SUSPICIOUS,False
470,7,489,69.85714285714286,0.5121134519577026,2,3,0.23729339453318687,0.15791472906722498,0.24338640377363985,SUSPICIOUS,False
471,7,489,69.85714285714286,0.5121134519577026,2,3,0.23729339453318687,0.15791472906722498,0.24338640377363985,SUSPICIOUS,False
472,8,555,69.375,0.29225553785051617,2,3,0.19205229464722984,0.15791472906722498,0.24338640377363985,SUSPICIOUS,False
473,8,555,69.375,0.29225553785051617,2,3,0.19205229464722984,0.15791472906722498,0.24338640377363985,SUSPICIOUS,False
474,8,555,69.375,0.29225553785051617,2,3,0.19205229464722984,0.15791472906722498,0.24338640377363985,SUSPICIOUS,False
475,7,478,68.28571428571429,0.5121139685312907,2,3,0.23783245107884976,0.15791472906722498,0.24338640377363985,SUSPICIOUS,False
476,7,478,68.28571428571429,0.5121139685312907,2,3,0.23783245107884976,0.15791472906722498,0.24338640377363985,SUSPICIOUS,False
477,8,555,69.375,0.29311282294137136,2,3,0.19255827411501936,0.15791472906722498,0.24338640377363985,SUSPICIOUS,False
478,8,555,69.375,0.29311282294137136,2,3,0.19255827411501936,0.15791472906722498,0.24338640377363985,SUSPICIOUS,False
479,8,555,69.375,0.29311282294137136,2,3,0.19255827411501936,0.15791472906722498,0.24338640377363985,SUSPICIOUS,False
480,10,698,69.8,0.34096529748704696,2,3,0.19449028764086995,0.15791472906722498,0.24338640377363985,SUSPICIOUS,False
481,10,698,69.8,0.34096529748704696,2,3,0.19449028764086995,0.15791472906722498,0.24338640377363985,SUSPICIOUS,False
482,8,555,69.375,0.292684657233102,2,3,0.19205229464722984,0.15791472906722498,0.24338640377363985,SUSPICIOUS,False
483,8,555,69.375,0.292684657233102,2,3,0.19205229464722984,0.15791472906722498,0.24338640377363985,SUSPICIOUS,False
484,8,555,69.375,0.292684657233102,2,3,0.19205229464722984,0.15791472906722498,0.24338640377363985,SUSPICIOUS,False
485,4,272,68.0,1.0242300033569336,2,2,0.23945198658773736,0.15791472906722498,0.24338640377363985,SUSPICIOUS,False
486,4,272,68.0,1.0242300033569336,2,2,0.23945198658773736,0.15791472906722498,0.24338640377363985,SUSPICIOUS,False
487,8,555,69.375,0.2558314800262451,2,3,0.18141534226459632,0.15791472906722498,0.24338640377363985,SUSPICIOUS,False
488,8,555,69.375,0.2558314800262451,2,3,0.18141534226459632,0.15791472906722498,0.24338640377363985,SUSPICIOUS,False
489,8,555,69.375,0.2558314800262451,2,3,0.18141534226459632,0.15791472906722498,0.24338640377363985,SUSPICIOUS,False
490,12,838,69.83333333333333,0.2792448564009233,2,3,0.10892583596854566,0.15791472906722498,0.24338640377363985,NORMAL,False
491,12,838,69.83333333333333,0.2792448564009233,2,3,0.10892583596854566,0.15791472906722498,0.24338640377363985,NORMAL,False
492,8,555,69.375,0.2926852021898542,2,3,0.19205229464722984,0.15791472906722498,0.24338640377363985,SUSPICIOUS,False
493,8,555,69.375,0.2926852021898542,2,3,0.19205229464722984,0.15791472906722498,0.24338640377363985,SUSPICIOUS,False
494,8,555,69.375,0.2926852021898542,2,3,0.19205229464722984,0.15791472906722498,0.24338640377363985,SUSPICIOUS,False
495,4,272,68.0,1.023898681004842,2,2,0.23945198658773736,0.15791472906722498,0.24338640377363985,SUSPICIOUS,False
496,4,272,68.0,1.023898681004842,2,2,0.23945198658773736,0.15791472906722498,0.24338640377363985,SUSPICIOUS,False
497,8,555,69.375,0.2925426959991455,2,3,0.19205229464722984,0.15791472906722498,0.24338640377363985,SUSPICIOUS,False
498,8,555,69.375,0.2925426959991455,2,3,0.19205229464722984,0.15791472906722498,0.24338640377363985,SUSPICIOUS,False
499,8,555,69.375,0.2925426959991455,2,3,0.19205229464722984,0.15791472906722498,0.24338640377363985,SUSPICIOUS,False
500,12,838,69.83333333333333,0.2793362790888006,2,3,0.10892583596854566,0.15791472906722498,0.24338640377363985,NORMAL,False
501,12,838,69.83333333333333,0.2793362790888006,2,3,0.10892583596854566,0.15791472906722498,0.24338640377363985,NORMAL,False
502,8,555,69.375,0.2556894166128976,2,3,0.18141534226459632,0.15791472906722498,0.24338640377363985,SUSPICIOUS,False
503,8,555,69.375,0.2556894166128976,2,3,0.18141534226459632,0.15791472906722498,0.24338640377363985,SUSPICIOUS,False
504,8,555,69.375,0.2556894166128976,2,3,0.18141534226459632,0.15791472906722498,0.24338640377363985,SUSPICIOUS,False
505,7,489,69.85714285714286,0.5124502976735433,2,3,0.23729339453318687,0.15791472906722498,0.24338640377363985,SUSPICIOUS,False
506,6,423,70.5,0.0,2,3,0.18376642129134124,0.15791472906722498,0.24338640377363985,SUSPICIOUS,False
507,8,555,69.375,0.292257513318743,2,3,0.19205229464722984,0.15791472906722498,0.24338640377363985,SUSPICIOUS,False
508,8,555,69.375,0.292257513318743,2,3,0.19205229464722984,0.15791472906722498,0.24338640377363985,SUSPICIOUS,False
509,2,132,66.0,0.0,2,2,0.24338640377363985,0.15791472906722498,0.24338640377363985,SUSPICIOUS,False
510,8,555,69.375,0.4391007423400879,2,3,0.23138970223958943,0.15791472906722498,0.24338640377363985,SUSPICIOUS,False
511,6,423,70.5,0.0,2,3,0.18376642129134124,0.15791472906722498,0.24338640377363985,SUSPICIOUS,False
512,8,555,69.375,0.292400632585798,2,3,0.19205229464722984,0.15791472906722498,0.24338640377363985,SUSPICIOUS,False
513,8,555,69.375,0.292400632585798,2,3,0.19205229464722984,0.15791472906722498,0.24338640377363985,SUSPICIOUS,False
514,2,132,66.0,0.0,2,2,0.24338640377363985,0.15791472906722498,0.24338640377363985,SUSPICIOUS,False
515,8,555,69.375,0.43910111699785503,2,3,0.23138970223958943,0.15791472906722498,0.24338640377363985,SUSPICIOUS,False
516,6,423,70.5,0.0,2,3,0.18376642129134124,0.15791472906722498,0.24338640377363985,SUSPICIOUS,False
517,8,555,69.375,0.292543751852853,2,3,0.19205229464722984,0.15791472906722498,0.24338640377363985,SUSPICIOUS,False
518,8,555,69.375,0.292543751852853,2,3,0.19205229464722984,0.15791472906722498,0.24338640377363985,SUSPICIOUS,False
519,5,338,67.6,0.7039337754249573,2,2,0.2399926213425435,0.15791472906722498,0.24338640377363985,SUSPICIOUS,False
520,5,338,67.6,0.7039337754249573,2,2,0.2399926213425435,0.15791472906722498,0.24338640377363985,SUSPICIOUS,False
521,8,555,69.375,0.2926869051797049,2,3,0.19205229464722984,0.15791472906722498,0.24338640377363985,SUSPICIOUS,False
522,8,555,69.375,0.2926869051797049,2,3,0.19205229464722984,0.15791472906722498,0.24338640377363985,SUSPICIOUS,False
523,8,555,69.375,0.2926869051797049,2,3,0.19205229464722984,0.15791472906722498,0.24338640377363985,SUSPICIOUS,False
524,5,349,69.8,0.0,2,2,0.23234887620700062,0.15791472906722498,0.24338640377363985,SUSPICIOUS,False
525,12,838,69.83333333333333,0.3026990457014604,2,3,0.12333875928440319,0.15791472906722498,0.24338640377363985,NORMAL,False
526,8,555,69.375,0.2919729437146868,2,3,0.19205229464722984,0.15791472906722498,0.24338640377363985,SUSPICIOUS,False
527,8,555,69.375,0.2919729437146868,2,3,0.19205229464722984,0.15791472906722498,0.24338640377363985,SUSPICIOUS,False
528,8,555,69.375,0.2919729437146868,2,3,0.19205229464722984,0.15791472906722498,0.24338640377363985,SUSPICIOUS,False
529,2,132,66.0,3.07271671295166,2,2,0.23729339453318687,0.15791472906722498,0.24338640377363985,SUSPICIOUS,False
530,4,272,68.0,1.024905522664388,2,2,0.23945198658773736,0.15791472906722498,0.24338640377363985,SUSPICIOUS,False
531,9,621,69.0,0.2239794135093689,2,3,0.16239834500116768,0.15791472906722498,0.24338640377363985,SUSPICIOUS,False
532,9,621,69.0,0.2239794135093689,2,3,0.16239834500116768,0.15791472906722498,0.24338640377363985,SUSPICIOUS,False
533,9,621,69.0,0.2239794135093689,2,3,0.16239834500116768,0.15791472906722498,0.24338640377363985,SUSPICIOUS,False
534,12,838,69.83333333333333,0.2791563597592441,2,3,0.10892583596854566,0.15791472906722498,0.24338640377363985,NORMAL,False
535,12,838,69.83333333333333,0.2791563597592441,2,3,0.10892583596854566,0.15791472906722498,0.24338640377363985,NORMAL,False
536,7,489,69.85714285714286,0.3841317494710286,2,2,0.23299509597346468,0.15791472906722498,0.24338640377363985,SUSPICIOUS,False
537,7,489,69.85714285714286,0.3841317494710286,2,2,0.23299509597346468,0.15791472906722498,0.24338640377363985,SUSPICIOUS,False
538,7,489,69.85714285714286,0.3841317494710286,2,2,0.23299509597346468,0.15791472906722498,0.24338640377363985,SUSPICIOUS,False
539,6,412,68.66666666666667,0.5639490127563477,2,3,0.2432447407417776,0.15791472906722498,0.24338640377363985,SUSPICIOUS,False
540,6,412,68.66666666666667,0.5639490127563477,2,3,0.2432447407417776,0.15791472906722498,0.24338640377363985,SUSPICIOUS,False
541,8,555,69.375,0.2922594206673758,2,3,0.19205229464722984,0.15791472906722498,0.24338640377363985,SUSPICIOUS,False
542,8,555,69.375,0.2922594206673758,2,3,0.19205229464722984,0.15791472906722498,0.24338640377363985,SUSPICIOUS,False
543,8,555,69.375,0.2922594206673758,2,3,0.19205229464722984,0.15791472906722498,0.24338640377363985,SUSPICIOUS,False
544,6,415,69.16666666666667,0.6145450115203858,2,2,0.2389117468178673,0.15791472906722498,0.24338640377363985,SUSPICIOUS,False
545,6,415,69.16666666666667,0.6145450115203858,2,2,0.2389117468178673,0.15791472906722498,0.24338640377363985,SUSPICIOUS,False
546,8,555,69.375,0.2924025399344308,2,3,0.19205229464722984,0.15791472906722498,0.24338640377363985,SUSPICIOUS,False
547,8,555,69.375,0.2924025399344308,2,3,0.19205229464722984,0.15791472906722498,0.24338640377363985,SUSPICIOUS,False
548,8,555,69.375,0.2924025399344308,2,3,0.19205229464722984,0.15791472906722498,0.24338640377363985,SUSPICIOUS,False
549,11,772,70.18181818181819,0.3074727296829224,2,3,0.15473596093056485,0.15791472906722498,0.24338640377363985,NORMAL,False
550,11,772,70.18181818181819,0.3074727296829224,2,3,0.15473596093056485,0.15791472906722498,0.24338640377363985,NORMAL,False
551,9,621,69.0,0.25610241293907166,2,3,0.16331891795321696,0.15791472906722498,0.24338640377363985,SUSPICIOUS,False
552,9,621,69.0,0.25610241293907166,2,3,0.16331891795321696,0.15791472906722498,0.24338640377363985,SUSPICIOUS,False
553,9,621,69.0,0.25610241293907166,2,3,0.16331891795321696,0.15791472906722498,0.24338640377363985,SUSPICIOUS,False
554,8,555,69.375,0.40225042615618023,2,3,0.23138970223958943,0.15791472906722498,0.24338640377363985,SUSPICIOUS,False
555,8,555,69.375,0.40225042615618023,2,3,0.23138970223958943,0.15791472906722498,0.24338640377363985,SUSPICIOUS,False
556,8,555,69.375,0.29254586356026785,2,2,0.20611607068342275,0.15791472906722498,0.24338640377363985,SUSPICIOUS,False
557,8,555,69.375,0.29254586356026785,2,2,0.20611607068342275,0.15791472906722498,0.24338640377363985,SUSPICIOUS,False
558,8,555,69.375,0.29254586356026785,2,2,0.20611607068342275,0.15791472906722498,0.24338640377363985,SUSPICIOUS,False
559,6,412,68.66666666666667,0.614146614074707,2,3,0.2432447407417776,0.15791472906722498,0.24338640377363985,SUSPICIOUS,False
560,6,412,68.66666666666667,0.614146614074707,2,3,0.2432447407417776,0.15791472906722498,0.24338640377363985,SUSPICIOUS,False
561,9,621,69.0,0.25647780299186707,2,2,0.19066073742062417,0.15791472906722498,0.24338640377363985,SUSPICIOUS,False
562,9,621,69.0,0.25647780299186707,2,2,0.19066073742062417,0.15791472906722498,0.24338640377363985,SUSPICIOUS,False
563,9,621,69.0,0.25647780299186707,2,2,0.19066073742062417,0.15791472906722498,0.24338640377363985,SUSPICIOUS,False
564,12,851,70.91666666666667,0.32588106935674493,3,4,0.11347986499153695,0.15791472906722498,0.24338640377363985,NORMAL,False
565,13,958,73.6923076923077,0.3838003675142924,3,4,0.171938256855941,0.15791472906722498,0.24338640377363985,SUSPICIOUS,False
566,10,749,74.9,0.2274249924553765,3,3,0.040938497986830136,0.15791472906722498,0.24338640377363985,NORMAL,False
567,10,749,74.9,0.2274249924553765,3,3,0.040938497986830136,0.15791472906722498,0.24338640377363985,NORMAL,False
568,10,749,74.9,0.2274249924553765,3,3,0.040938497986830136,0.15791472906722498,0.24338640377363985,NORMAL,False
569,8,596,74.5,0.512099197932652,2,4,0.22235866061145326,0.15791472906722498,0.24338640377363985,SUSPICIOUS,False
570,7,489,69.85714285714286,0.5119563738505045,2,3,0.23729339453318687,0.15791472906722498,0.24338640377363985,SUSPICIOUS,False
571,6,423,70.5,0.3587695598602295,2,2,0.22872185578351156,0.15791472906722498,0.24338640377363985,SUSPICIOUS,False
572,6,423,70.5,0.3587695598602295,2,2,0.22872185578351156,0.15791472906722498,0.24338640377363985,SUSPICIOUS,False
573,6,423,70.5,0.3587695598602295,2,2,0.22872185578351156,0.15791472906722498,0.24338640377363985,SUSPICIOUS,False
574,6,412,68.66666666666667,0.6143481731414795,2,3,0.2432447407417776,0.15791472906722498,0.24338640377363985,SUSPICIOUS,False
575,4,280,70.0,0.0,2,3,0.20608973365264271,0.15791472906722498,0.24338640377363985,SUSPICIOUS,False
576,8,555,69.375,0.2925468512943813,2,3,0.19205229464722984,0.15791472906722498,0.24338640377363985,SUSPICIOUS,False
577,8,555,69.375,0.2925468512943813,2,3,0.19205229464722984,0.15791472906722498,0.24338640377363985,SUSPICIOUS,False
578,4,275,68.75,0.0,2,2,0.2398371541881299,0.15791472906722498,0.24338640377363985,SUSPICIOUS,False
579,10,698,69.8,0.34152701165941024,2,3,0.19449028764086995,0.15791472906722498,0.24338640377363985,SUSPICIOUS,False
580,6,423,70.5,0.0,2,3,0.18376642129134124,0.15791472906722498,0.24338640377363985,SUSPICIOUS,False
581,8,555,69.375,0.2931185109274728,2,3,0.19255827411501936,0.15791472906722498,0.24338640377363985,SUSPICIOUS,False
582,8,555,69.375,0.2931185109274728,2,3,0.19255827411501936,0.15791472906722498,0.24338640377363985,SUSPICIOUS,False
583,2,132,66.0,0.0,2,2,0.24338640377363985,0.15791472906722498,0.24338640377363985,SUSPICIOUS,False
584,9,621,69.0,0.38359326124191284,2,3,0.2234153214065977,0.15791472906722498,0.24338640377363985,SUSPICIOUS,False
585,7,489,69.85714285714286,0.0,2,3,0.17709528989793355,0.15791472906722498,0.24338640377363985,SUSPICIOUS,False
586,9,621,69.0,0.25597891211509705,2,3,0.16331891795321696,0.15791472906722498,0.24338640377363985,SUSPICIOUS,False
587,9,621,69.0,0.25597891211509705,2,3,0.16331891795321696,0.15791472906722498,0.24338640377363985,SUSPICIOUS,False
588,7,489,69.85714285714286,0.46896159648895264,2,3,0.23729339453318687,0.15791472906722498,0.24338640377363985,SUSPICIOUS,False
589,7,489,69.85714285714286,0.46896159648895264,2,3,0.23729339453318687,0.15791472906722498,0.24338640377363985,SUSPICIOUS,False
590,7,489,69.85714285714286,0.3409721851348877,2,2,0.22288679794077992,0.15791472906722498,0.24338640377363985,SUSPICIOUS,False
591,7,489,69.85714285714286,0.3409721851348877,2,2,0.22288679794077992,0.15791472906722498,0.24338640377363985,SUSPICIOUS,False
592,7,489,69.85714285714286,0.3409721851348877,2,2,0.22288679794077992,0.15791472906722498,0.24338640377363985,SUSPICIOUS,False
593,9,621,69.0,0.38396885991096497,2,3,0.2234153214065977,0.15791472906722498,0.24338640377363985,SUSPICIOUS,False
594,9,621,69.0,0.38396885991096497,2,3,0.2234153214065977,0.15791472906722498,0.24338640377363985,SUSPICIOUS,False
595,8,555,69.375,0.2925478049686977,2,3,0.19205229464722984,0.15791472906722498,0.24338640377363985,SUSPICIOUS,False
596,8,555,69.375,0.2925478049686977,2,3,0.19205229464722984,0.15791472906722498,0.24338640377363985,SUSPICIOUS,False
597,8,555,69.375,0.2925478049686977,2,3,0.19205229464722984,0.15791472906722498,0.24338640377363985,SUSPICIOUS,False
598,8,555,69.375,0.4391075883592878,2,3,0.23138970223958943,0.15791472906722498,0.24338640377363985,SUSPICIOUS,False
599,8,555,69.375,0.4391075883592878,2,3,0.23138970223958943,0.15791472906722498,0.24338640377363985,SUSPICIOUS,False
600,8,555,69.375,0.2922623838697161,2,3,0.19205229464722984,0.15791472906722498,0.24338640377363985,SUSPICIOUS,False
601,8,555,69.375,0.2922623838697161,2,3,0.19205229464722984,0.15791472906722498,0.24338640377363985,SUSPICIOUS,False
602,8,555,69.375,0.2922623838697161,2,3,0.19205229464722984,0.15791472906722498,0.24338640377363985,SUSPICIOUS,False
603,8,555,69.375,0.4389650821685791,2,3,0.23138970223958943,0.15791472906722498,0.24338640377363985,SUSPICIOUS,False
604,8,555,69.375,0.4389650821685791,2,3,0.23138970223958943,0.15791472906722498,0.24338640377363985,SUSPICIOUS,False
605,8,555,69.375,0.2926911285945347,2,3,0.19205229464722984,0.15791472906722498,0.24338640377363985,SUSPICIOUS,False
606,8,555,69.375,0.2926911285945347,2,3,0.19205229464722984,0.15791472906722498,0.24338640377363985,SUSPICIOUS,False
607,8,555,69.375,0.2926911285945347,2,3,0.19205229464722984,0.15791472906722498,0.24338640377363985,SUSPICIOUS,False
608,7,489,69.85714285714286,0.5122929811477661,2,3,0.23729339453318687,0.15791472906722498,0.24338640377363985,SUSPICIOUS,False
609,7,489,69.85714285714286,0.5122929811477661,2,3,0.23729339453318687,0.15791472906722498,0.24338640377363985,SUSPICIOUS,False
610,8,555,69.375,0.2922628607068743,2,3,0.19205229464722984,0.15791472906722498,0.24338640377363985,SUSPICIOUS,False
611,8,555,69.375,0.2922628607068743,2,3,0.19205229464722984,0.15791472906722498,0.24338640377363985,SUSPICIOUS,False
612,8,555,69.375,0.2922628607068743,2,3,0.19205229464722984,0.15791472906722498,0.24338640377363985,SUSPICIOUS,False
613,5,338,67.6,0.7681900858879089,2,2,0.2399926213425435,0.15791472906722498,0.24338640377363985,SUSPICIOUS,False
614,5,338,67.6,0.7681900858879089,2,2,0.2399926213425435,0.15791472906722498,0.24338640377363985,SUSPICIOUS,False
615,9,621,69.0,0.25598013401031494,2,3,0.16331891795321696,0.15791472906722498,0.24338640377363985,SUSPICIOUS,False
616,9,621,69.0,0.25598013401031494,2,3,0.16331891795321696,0.15791472906722498,0.24338640377363985,SUSPICIOUS,False
617,9,621,69.0,0.25598013401031494,2,3,0.16331891795321696,0.15791472906722498,0.24338640377363985,SUSPICIOUS,False
618,11,772,70.18181818181819,0.3071763038635254,2,3,0.15323114253240566,0.15791472906722498,0.24338640377363985,NORMAL,False
619,11,772,70.18181818181819,0.3071763038635254,2,3,0.15323114253240566,0.15791472906722498,0.24338640377363985,NORMAL,False
620,9,621,69.0,0.25635531544685364,2,2,0.19066073742062417,0.15791472906722498,0.24338640377363985,SUSPICIOUS,False
621,9,621,69.0,0.25635531544685364,2,2,0.19066073742062417,0.15791472906722498,0.24338640377363985,SUSPICIOUS,False
622,9,621,69.0,0.25635531544685364,2,2,0.19066073742062417,0.15791472906722498,0.24338640377363985,SUSPICIOUS,False
623,9,621,69.0,0.3838456869125366,2,3,0.2234153214065977,0.15791472906722498,0.24338640377363985,SUSPICIOUS,False
624,9,621,69.0,0.3838456869125366,2,3,0.2234153214065977,0.15791472906722498,0.24338640377363985,SUSPICIOUS,False
625,6,423,70.5,0.4609649658203125,2,2,0.23729339453318687,0.15791472906722498,0.24338640377363985,SUSPICIOUS,False
626,6,423,70.5,0.4609649658203125,2,2,0.23729339453318687,0.15791472906722498,0.24338640377363985,SUSPICIOUS,False
627,6,423,70.5,0.4609649658203125,2,2,0.23729339453318687,0.15791472906722498,0.24338640377363985,SUSPICIOUS,False
628,8,555,69.375,0.4022552967071533,2,3,0.23138970223958943,0.15791472906722498,0.24338640377363985,SUSPICIOUS,False
629,8,555,69.375,0.4022552967071533,2,3,0.23138970223958943,0.15791472906722498,0.24338640377363985,SUSPICIOUS,False
630,9,621,69.0,0.25648072361946106,2,3,0.16331891795321696,0.15791472906722498,0.24338640377363985,SUSPICIOUS,False
631,9,621,69.0,0.25648072361946106,2,3,0.16331891795321696,0.15791472906722498,0.24338640377363985,SUSPICIOUS,False
632,9,621,69.0,0.25648072361946106,2,3,0.16331891795321696,0.15791472906722498,0.24338640377363985,SUSPICIOUS,False
633,7,489,69.85714285714286,0.5117949644724528,2,3,0.23729339453318687,0.15791472906722498,0.24338640377363985,SUSPICIOUS,False
634,7,489,69.85714285714286,0.5117949644724528,2,3,0.23729339453318687,0.15791472906722498,0.24338640377363985,SUSPICIOUS,False
635,9,621,69.0,0.2561059296131134,2,2,0.19066073742062417,0.15791472906722498,0.24338640377363985,SUSPICIOUS,False
636,9,621,69.0,0.2561059296131134,2,2,0.19066073742062417,0.15791472906722498,0.24338640377363985,SUSPICIOUS,False
637,9,621,69.0,0.2561059296131134,2,2,0.19066073742062417,0.15791472906722498,0.24338640377363985,SUSPICIOUS,False
638,8,555,69.375,0.43882461956569124,2,3,0.23138970223958943,0.15791472906722498,0.24338640377363985,SUSPICIOUS,False
639,8,555,69.375,0.43882461956569124,2,3,0.23138970223958943,0.15791472906722498,0.24338640377363985,SUSPICIOUS,False
640,7,489,69.85714285714286,0.3414747714996338,2,2,0.22288679794077992,0.15791472906722498,0.24338640377363985,SUSPICIOUS,False
641,7,489,69.85714285714286,0.3414747714996338,2,2,0.22288679794077992,0.15791472906722498,0.24338640377363985,SUSPICIOUS,False
642,7,489,69.85714285714286,0.3414747714996338,2,2,0.22288679794077992,0.15791472906722498,0.24338640377363985,SUSPICIOUS,False
643,9,621,69.0,0.38397184014320374,2,3,0.2234153214065977,0.15791472906722498,0.24338640377363985,SUSPICIOUS,False
644,9,621,69.0,0.38397184014320374,2,3,0.2234153214065977,0.15791472906722498,0.24338640377363985,SUSPICIOUS,False
645,7,489,69.85714285714286,0.3411417802174886,2,2,0.22288679794077992,0.15791472906722498,0.24338640377363985,SUSPICIOUS,False
646,7,489,69.85714285714286,0.3411417802174886,2,2,0.22288679794077992,0.15791472906722498,0.24338640377363985,SUSPICIOUS,False
647,7,489,69.85714285714286,0.3411417802174886,2,2,0.22288679794077992,0.15791472906722498,0.24338640377363985,SUSPICIOUS,False
648,8,555,69.375,0.40239930152893066,2,3,0.23138970223958943,0.15791472906722498,0.24338640377363985,SUSPICIOUS,False
649,8,555,69.375,0.40239930152893066,2,3,0.23138970223958943,0.15791472906722498,0.24338640377363985,SUSPICIOUS,False
650,10,687,68.7,0.2563147809770372,2,3,0.1396569334626272,0.15791472906722498,0.24338640377363985,NORMAL,False
651,10,687,68.7,0.2563147809770372,2,3,0.1396569334626272,0.15791472906722498,0.24338640377363985,NORMAL,False
652,10,687,68.7,0.2563147809770372,2,3,0.1396569334626272,0.15791472906722498,0.24338640377363985,NORMAL,False
653,4,272,68.0,0.93793257077535,2,2,0.23945198658773736,0.15791472906722498,0.24338640377363985,SUSPICIOUS,False
654,4,272,68.0,0.93793257077535,2,2,0.23945198658773736,0.15791472906722498,0.24338640377363985,SUSPICIOUS,False
655,6,423,70.5,0.460966968536377,2,2,0.23729339453318687,0.15791472906722498,0.24338640377363985,SUSPICIOUS,False
656,6,423,70.5,0.460966968536377,2,2,0.23729339453318687,0.15791472906722498,0.24338640377363985,SUSPICIOUS,False
657,6,423,70.5,0.460966968536377,2,2,0.23729339453318687,0.15791472906722498,0.24338640377363985,SUSPICIOUS,False
658,8,555,69.375,0.4022570678165981,2,2,0.2319244424249024,0.15791472906722498,0.24338640377363985,SUSPICIOUS,False
659,8,555,69.375,0.4022570678165981,2,2,0.2319244424249024,0.15791472906722498,0.24338640377363985,SUSPICIOUS,False
660,8,555,69.375,0.2925507000514439,2,3,0.19205229464722984,0.15791472906722498,0.24338640377363985,SUSPICIOUS,False
661,8,555,69.375,0.2925507000514439,2,3,0.19205229464722984,0.15791472906722498,0.24338640377363985,SUSPICIOUS,False
662,8,555,69.375,0.2925507000514439,2,3,0.19205229464722984,0.15791472906722498,0.24338640377363985,SUSPICIOUS,False
663,12,838,69.83333333333333,0.27934390848333185,2,3,0.10892583596854566,0.15791472906722498,0.24338640377363985,NORMAL,False
664,12,838,69.83333333333333,0.27934390848333185,2,3,0.10892583596854566,0.15791472906722498,0.24338640377363985,NORMAL,False
665,8,555,69.375,0.292550904410226,2,3,0.19205229464722984,0.15791472906722498,0.24338640377363985,SUSPICIOUS,False
666,8,555,69.375,0.292550904410226,2,3,0.19205229464722984,0.15791472906722498,0.24338640377363985,SUSPICIOUS,False
667,8,555,69.375,0.292550904410226,2,3,0.19205229464722984,0.15791472906722498,0.24338640377363985,SUSPICIOUS,False
668,7,489,69.85714285714286,0.5119642416636149,2,3,0.23729339453318687,0.15791472906722498,0.24338640377363985,SUSPICIOUS,False
669,6,423,70.5,0.0,2,3,0.18376642129134124,0.15791472906722498,0.24338640377363985,SUSPICIOUS,False
670,8,555,69.375,0.2928367682865688,2,3,0.19205229464722984,0.15791472906722498,0.24338640377363985,SUSPICIOUS,False
671,8,555,69.375,0.2928367682865688,2,3,0.19205229464722984,0.15791472906722498,0.24338640377363985,SUSPICIOUS,False
672,8,555,69.375,0.2928367682865688,2,3,0.19205229464722984,0.15791472906722498,0.24338640377363985,SUSPICIOUS,False
673,5,338,67.6,0.7674469947814941,2,2,0.2399926213425435,0.15791472906722498,0.24338640377363985,SUSPICIOUS,False
674,3,206,68.66666666666667,0.0,2,2,0.24177828926701683,0.15791472906722498,0.24338640377363985,SUSPICIOUS,False
675,10,687,68.7,0.22787319289313424,2,3,0.1328641202627887,0.15791472906722498,0.24338640377363985,NORMAL,False
676,10,687,68.7,0.22787319289313424,2,3,0.1328641202627887,0.15791472906722498,0.24338640377363985,NORMAL,False
677,10,687,68.7,0.22787319289313424,2,3,0.1328641202627887,0.15791472906722498,0.24338640377363985,NORMAL,False
678,11,772,70.18181818181819,0.30717897415161133,2,3,0.15323114253240566,0.15791472906722498,0.24338640377363985,NORMAL,False
679,11,772,70.18181818181819,0.30717897415161133,2,3,0.15323114253240566,0.15791472906722498,0.24338640377363985,NORMAL,False
680,6,423,70.5,0.40937213897705077,2,2,0.23729339453318687,0.15791472906722498,0.24338640377363985,SUSPICIOUS,False
681,6,423,70.5,0.40937213897705077,2,2,0.23729339453318687,0.15791472906722498,0.24338640377363985,SUSPICIOUS,False
682,6,423,70.5,0.40937213897705077,2,2,0.23729339453318687,0.15791472906722498,0.24338640377363985,SUSPICIOUS,False
683,5,338,67.6,0.7676979303359985,2,2,0.2399926213425435,0.15791472906722498,0.24338640377363985,SUSPICIOUS,False
684,9,621,69.0,0.2246098518371582,2,3,0.16239834500116768,0.15791472906722498,0.24338640377363985,SUSPICIOUS,False
685,9,621,69.0,0.2246098518371582,2,3,0.16239834500116768,0.15791472906722498,0.24338640377363985,SUSPICIOUS,False
686,9,621,69.0,0.2246098518371582,2,3,0.16239834500116768,0.15791472906722498,0.24338640377363985,SUSPICIOUS,False
687,8,555,69.375,0.438399144581386,2,2,0.2319244424249024,0.15791472906722498,0.24338640377363985,SUSPICIOUS,False
688,8,555,69.375,0.438399144581386,2,2,0.2319244424249024,0.15791472906722498,0.24338640377363985,SUSPICIOUS,False
689,8,555,69.375,0.2928375516619001,2,2,0.20611607068342275,0.15791472906722498,0.24338640377363985,SUSPICIOUS,False
690,8,555,69.375,0.2928375516619001,2,2,0.20611607068342275,0.15791472906722498,0.24338640377363985,SUSPICIOUS,False
691,8,555,69.375,0.2928375516619001,2,2,0.20611607068342275,0.15791472906722498,0.24338640377363985,SUSPICIOUS,False
692,10,695,69.5,0.34142176310221356,2,3,0.19499804959591793,0.15791472906722498,0.24338640377363985,SUSPICIOUS,False
693,10,695,69.5,0.34142176310221356,2,3,0.19499804959591793,0.15791472906722498,0.24338640377363985,SUSPICIOUS,False
694,7,489,69.85714285714286,0.3413107395172119,2,2,0.22288679794077992,0.15791472906722498,0.24338640377363985,SUSPICIOUS,False
695,7,489,69.85714285714286,0.3413107395172119,2,2,0.22288679794077992,0.15791472906722498,0.24338640377363985,SUSPICIOUS,False
696,7,489,69.85714285714286,0.3413107395172119,2,2,0.22288679794077992,0.15791472906722498,0.24338640377363985,SUSPICIOUS,False
697,9,632,70.22222222222223,0.3842247426509857,2,3,0.2202499670199639,0.15791472906722498,0.24338640377363985,SUSPICIOUS,False
698,9,632,70.22222222222223,0.3842247426509857,2,3,0.2202499670199639,0.15791472906722498,0.24338640377363985,SUSPICIOUS,False
699,8,555,69.375,0.2932665007455008,2,3,0.19255827411501936,0.15791472906722498,0.24338640377363985,SUSPICIOUS,False
700,8,555,69.375,0.2932665007455008,2,3,0.19255827411501936,0.15791472906722498,0.24338640377363985,SUSPICIOUS,False
701,8,555,69.375,0.2932665007455008,2,3,0.19255827411501936,0.15791472906722498,0.24338640377363985,SUSPICIOUS,False
702,2,132,66.0,0.0,2,2,0.24338640377363985,0.15791472906722498,0.24338640377363985,SUSPICIOUS,False
703,2,132,66.0,0.0,2,2,0.24338640377363985,0.15791472906722498,0.24338640377363985,SUSPICIOUS,False
704,3,202,67.33333333333333,0.0,2,2,0.2411240054139272,0.15791472906722498,0.24338640377363985,SUSPICIOUS,False
705,3,202,67.33333333333333,0.0,2,2,0.2411240054139272,0.15791472906722498,0.24338640377363985,SUSPICIOUS,False
706,3,202,67.33333333333333,0.0,2,2,0.2411240054139272,0.15791472906722498,0.24338640377363985,SUSPICIOUS,False
707,3,202,67.33333333333333,0.0,2,2,0.2411240054139272,0.15791472906722498,0.24338640377363985,SUSPICIOUS,False
708,3,202,67.33333333333333,0.0,2,2,0.2411240054139272,0.15791472906722498,0.24338640377363985,SUSPICIOUS,False
